59,030183.jpg,0
288,000029.jpg,1
412,021087.jpg,2
333,007418.jpg,3
459,017042.jpg,4
465,033745.jpg,5
323,000084.jpg,6
435,000085.jpg,7
279,000145.jpg,8
369,015788.jpg,9
57,018811.jpg,10
437,018775.jpg,11
466,035980.jpg,12
436,016995.jpg,13
375,030987.jpg,14
256,009960.jpg,15
57,033170.jpg,16
260,000282.jpg,17
33,002646.jpg,18
47,032701.jpg,19
354,003695.jpg,20
270,025678.jpg,21
336,029818.jpg,22
426,021668.jpg,23
430,001609.jpg,24
24,018129.jpg,25
244,000431.jpg,26
286,022338.jpg,27
371,027698.jpg,28
423,001807.jpg,29
391,018687.jpg,30
19,015301.jpg,31
407,014313.jpg,32
464,020527.jpg,33
432,029728.jpg,34
272,021805.jpg,35
338,000615.jpg,36
18,030898.jpg,37
370,000675.jpg,38
296,010499.jpg,39
429,013080.jpg,40
84,010527.jpg,41
440,000746.jpg,42
402,000627.jpg,43
27,000784.jpg,44
23,011234.jpg,45
411,029459.jpg,46
32,011222.jpg,47
260,013847.jpg,48
474,000820.jpg,49
85,030566.jpg,50
38,016151.jpg,51
19,000893.jpg,52
401,000911.jpg,53
436,000914.jpg,54
8,027186.jpg,55
342,009073.jpg,56
364,026111.jpg,57
44,007856.jpg,58
6,011782.jpg,59
409,003029.jpg,60
343,000958.jpg,61
432,006504.jpg,62
79,014803.jpg,63
453,010146.jpg,64
375,028675.jpg,65
288,001018.jpg,66
299,017503.jpg,67
270,001063.jpg,68
425,030390.jpg,69
412,001161.jpg,70
72,005448.jpg,71
85,001190.jpg,72
348,001215.jpg,73
446,001225.jpg,74
44,008211.jpg,75
423,035886.jpg,76
374,002915.jpg,77
279,030808.jpg,78
13,010047.jpg,79
431,009297.jpg,80
260,035417.jpg,81
82,002083.jpg,82
426,014629.jpg,83
460,001418.jpg,84
28,033616.jpg,85
286,021541.jpg,86
357,025712.jpg,87
382,003304.jpg,88
416,028201.jpg,89
399,021627.jpg,90
248,001600.jpg,91
358,003164.jpg,92
38,001686.jpg,93
59,028232.jpg,94
371,031397.jpg,95
462,027827.jpg,96
395,001761.jpg,97
281,028790.jpg,98
388,003487.jpg,99
412,031650.jpg,100
82,032264.jpg,101
32,020532.jpg,102
288,018276.jpg,103
331,035468.jpg,104
407,006166.jpg,105
26,029692.jpg,106
441,016192.jpg,107
402,020456.jpg,108
413,013381.jpg,109
397,001937.jpg,110
69,013770.jpg,111
85,006737.jpg,112
80,031559.jpg,113
376,015949.jpg,114
53,025195.jpg,115
293,001752.jpg,116
69,002043.jpg,117
391,030072.jpg,118
416,009226.jpg,119
354,013628.jpg,120
304,008000.jpg,121
394,022135.jpg,122
72,003430.jpg,123
426,023946.jpg,124
417,035836.jpg,125
309,019715.jpg,126
378,036660.jpg,127
308,027625.jpg,128
308,009204.jpg,129
350,002243.jpg,130
276,002252.jpg,131
297,012552.jpg,132
63,032241.jpg,133
376,019922.jpg,134
415,015943.jpg,135
61,016547.jpg,136
431,008838.jpg,137
404,002342.jpg,138
408,002356.jpg,139
252,032667.jpg,140
407,011005.jpg,141
380,036201.jpg,142
54,002490.jpg,143
400,002516.jpg,144
261,002532.jpg,145
444,002534.jpg,146
46,014957.jpg,147
344,004356.jpg,148
21,009078.jpg,149
396,006285.jpg,150
347,017457.jpg,151
418,002606.jpg,152
262,002631.jpg,153
467,028982.jpg,154
272,002654.jpg,155
37,006150.jpg,156
77,013798.jpg,157
375,029938.jpg,158
316,002722.jpg,159
275,002732.jpg,160
260,023941.jpg,161
379,018114.jpg,162
337,027956.jpg,163
346,000970.jpg,164
446,006861.jpg,165
398,025813.jpg,166
8,026576.jpg,167
381,025243.jpg,168
375,002889.jpg,169
345,002930.jpg,170
246,002936.jpg,171
376,002969.jpg,172
269,029957.jpg,173
422,033492.jpg,174
439,009890.jpg,175
437,010442.jpg,176
263,003039.jpg,177
347,020028.jpg,178
65,003069.jpg,179
424,036796.jpg,180
54,004519.jpg,181
364,009790.jpg,182
253,022658.jpg,183
253,003115.jpg,184
403,003118.jpg,185
392,003135.jpg,186
60,034102.jpg,187
351,020572.jpg,188
285,003180.jpg,189
359,009004.jpg,190
29,003198.jpg,191
378,003223.jpg,192
315,003236.jpg,193
377,000609.jpg,194
404,008030.jpg,195
374,006170.jpg,196
309,002898.jpg,197
80,017427.jpg,198
91,011645.jpg,199
375,031428.jpg,200
417,003364.jpg,201
348,003399.jpg,202
395,020484.jpg,203
444,009818.jpg,204
63,017742.jpg,205
353,003450.jpg,206
457,011707.jpg,207
41,008090.jpg,208
307,021353.jpg,209
303,032405.jpg,210
457,001955.jpg,211
275,024789.jpg,212
373,003582.jpg,213
471,016474.jpg,214
472,023577.jpg,215
461,021902.jpg,216
29,014417.jpg,217
65,019160.jpg,218
400,022312.jpg,219
93,003715.jpg,220
437,020606.jpg,221
363,030409.jpg,222
94,003772.jpg,223
8,014678.jpg,224
443,024536.jpg,225
306,003872.jpg,226
395,003883.jpg,227
440,032955.jpg,228
299,019415.jpg,229
43,009302.jpg,230
348,003992.jpg,231
345,004003.jpg,232
366,031104.jpg,233
444,024160.jpg,234
450,031576.jpg,235
330,000432.jpg,236
378,013299.jpg,237
253,024613.jpg,238
445,032461.jpg,239
370,010898.jpg,240
466,019381.jpg,241
438,008574.jpg,242
309,006503.jpg,243
262,022771.jpg,244
359,004174.jpg,245
424,004188.jpg,246
351,033521.jpg,247
303,020984.jpg,248
469,029355.jpg,249
50,030106.jpg,250
252,025078.jpg,251
330,027133.jpg,252
283,004290.jpg,253
283,004304.jpg,254
343,004340.jpg,255
55,034873.jpg,256
448,029874.jpg,257
387,016162.jpg,258
386,013999.jpg,259
335,004410.jpg,260
402,004427.jpg,261
396,034650.jpg,262
386,009802.jpg,263
246,028973.jpg,264
66,004456.jpg,265
401,017228.jpg,266
250,021750.jpg,267
463,005635.jpg,268
380,002524.jpg,269
384,034839.jpg,270
299,004508.jpg,271
386,021422.jpg,272
447,004599.jpg,273
11,029934.jpg,274
5,020923.jpg,275
436,004669.jpg,276
476,015467.jpg,277
478,028921.jpg,278
369,036578.jpg,279
351,006799.jpg,280
456,027664.jpg,281
403,015811.jpg,282
336,004838.jpg,283
405,016190.jpg,284
472,031498.jpg,285
258,031658.jpg,286
379,000183.jpg,287
385,033822.jpg,288
448,000202.jpg,289
407,028154.jpg,290
275,003397.jpg,291
285,010652.jpg,292
256,004998.jpg,293
16,027106.jpg,294
36,005012.jpg,295
271,016737.jpg,296
328,030860.jpg,297
349,005047.jpg,298
462,017664.jpg,299
385,001774.jpg,300
285,022025.jpg,301
442,014600.jpg,302
263,005176.jpg,303
18,005187.jpg,304
265,001845.jpg,305
341,022363.jpg,306
375,012088.jpg,307
432,022574.jpg,308
435,008976.jpg,309
382,011433.jpg,310
37,012883.jpg,311
374,031105.jpg,312
380,031895.jpg,313
437,000451.jpg,314
49,025251.jpg,315
385,004031.jpg,316
373,027167.jpg,317
59,024811.jpg,318
283,020489.jpg,319
341,001614.jpg,320
387,015799.jpg,321
273,005573.jpg,322
377,013282.jpg,323
243,024663.jpg,324
373,014199.jpg,325
297,003723.jpg,326
420,027754.jpg,327
351,001043.jpg,328
467,032201.jpg,329
307,005693.jpg,330
77,005095.jpg,331
402,005760.jpg,332
391,035947.jpg,333
243,008832.jpg,334
330,011113.jpg,335
414,004910.jpg,336
449,005545.jpg,337
358,004084.jpg,338
313,006315.jpg,339
11,005966.jpg,340
12,011862.jpg,341
391,029441.jpg,342
49,012281.jpg,343
75,007941.jpg,344
388,010648.jpg,345
412,006045.jpg,346
371,006052.jpg,347
69,006054.jpg,348
272,018576.jpg,349
315,000166.jpg,350
86,029652.jpg,351
374,006159.jpg,352
405,028364.jpg,353
412,006120.jpg,354
385,006272.jpg,355
6,022455.jpg,356
387,010567.jpg,357
381,006361.jpg,358
396,006369.jpg,359
287,023713.jpg,360
426,006406.jpg,361
414,024463.jpg,362
437,010857.jpg,363
76,032555.jpg,364
463,016876.jpg,365
272,035247.jpg,366
266,028038.jpg,367
249,006467.jpg,368
413,006506.jpg,369
87,018288.jpg,370
452,032896.jpg,371
469,018747.jpg,372
1,006571.jpg,373
381,019599.jpg,374
343,030754.jpg,375
447,025117.jpg,376
395,034315.jpg,377
349,026210.jpg,378
396,028200.jpg,379
375,010680.jpg,380
392,027231.jpg,381
7,006793.jpg,382
285,014002.jpg,383
73,006834.jpg,384
358,019769.jpg,385
387,006944.jpg,386
60,006946.jpg,387
71,018457.jpg,388
373,023807.jpg,389
265,006996.jpg,390
457,005870.jpg,391
414,002283.jpg,392
334,007076.jpg,393
9,034814.jpg,394
326,035905.jpg,395
472,007110.jpg,396
336,030932.jpg,397
386,007179.jpg,398
249,007190.jpg,399
432,008888.jpg,400
327,015173.jpg,401
442,011523.jpg,402
93,018946.jpg,403
352,025415.jpg,404
430,010777.jpg,405
449,007302.jpg,406
438,016509.jpg,407
443,007331.jpg,408
364,019323.jpg,409
346,022168.jpg,410
422,020127.jpg,411
431,014431.jpg,412
451,020311.jpg,413
396,012199.jpg,414
297,007449.jpg,415
405,034324.jpg,416
374,007456.jpg,417
258,033346.jpg,418
402,007478.jpg,419
20,036324.jpg,420
378,013308.jpg,421
465,035370.jpg,422
338,028162.jpg,423
359,003183.jpg,424
261,035407.jpg,425
467,007519.jpg,426
350,013927.jpg,427
92,010978.jpg,428
264,007203.jpg,429
407,020098.jpg,430
336,007650.jpg,431
398,022361.jpg,432
377,024197.jpg,433
353,025378.jpg,434
89,007238.jpg,435
321,007703.jpg,436
260,007821.jpg,437
415,028173.jpg,438
244,035773.jpg,439
462,035632.jpg,440
374,036505.jpg,441
256,025564.jpg,442
403,007874.jpg,443
385,025714.jpg,444
273,001559.jpg,445
432,000857.jpg,446
333,015268.jpg,447
382,013317.jpg,448
306,023952.jpg,449
312,026854.jpg,450
300,011797.jpg,451
344,008041.jpg,452
434,034031.jpg,453
475,025580.jpg,454
380,015356.jpg,455
264,008115.jpg,456
372,008131.jpg,457
14,027992.jpg,458
273,000944.jpg,459
381,008180.jpg,460
92,025854.jpg,461
29,013619.jpg,462
471,029548.jpg,463
253,008239.jpg,464
416,031827.jpg,465
242,000154.jpg,466
391,008429.jpg,467
387,016219.jpg,468
67,008476.jpg,469
40,019736.jpg,470
435,029097.jpg,471
387,003469.jpg,472
459,023633.jpg,473
345,034545.jpg,474
348,010525.jpg,475
351,029975.jpg,476
281,019947.jpg,477
438,001014.jpg,478
439,024079.jpg,479
392,018264.jpg,480
329,008652.jpg,481
392,002737.jpg,482
366,008695.jpg,483
302,007721.jpg,484
398,008701.jpg,485
468,011304.jpg,486
417,002814.jpg,487
405,007972.jpg,488
285,005846.jpg,489
370,000867.jpg,490
436,022464.jpg,491
363,033731.jpg,492
309,008867.jpg,493
42,034934.jpg,494
374,001675.jpg,495
457,020515.jpg,496
315,034062.jpg,497
273,017620.jpg,498
62,004159.jpg,499
374,008927.jpg,500
14,009886.jpg,501
396,029090.jpg,502
408,026409.jpg,503
46,008943.jpg,504
41,022769.jpg,505
263,036613.jpg,506
384,035165.jpg,507
397,035221.jpg,508
282,009136.jpg,509
396,016126.jpg,510
475,017142.jpg,511
432,032628.jpg,512
245,009170.jpg,513
400,010604.jpg,514
373,019194.jpg,515
84,009252.jpg,516
339,017702.jpg,517
348,006430.jpg,518
371,009357.jpg,519
58,032550.jpg,520
351,020076.jpg,521
265,009421.jpg,522
64,009437.jpg,523
359,009460.jpg,524
51,009466.jpg,525
284,009482.jpg,526
348,009568.jpg,527
343,009636.jpg,528
449,009639.jpg,529
441,004502.jpg,530
402,011052.jpg,531
310,020496.jpg,532
57,011181.jpg,533
387,021020.jpg,534
352,030157.jpg,535
266,009946.jpg,536
10,003463.jpg,537
279,009968.jpg,538
336,020580.jpg,539
389,007794.jpg,540
378,034388.jpg,541
392,012012.jpg,542
49,029791.jpg,543
465,010195.jpg,544
92,023545.jpg,545
347,028298.jpg,546
417,013721.jpg,547
340,013368.jpg,548
313,010243.jpg,549
38,010275.jpg,550
465,011167.jpg,551
286,010321.jpg,552
338,014231.jpg,553
330,018036.jpg,554
391,000260.jpg,555
241,002966.jpg,556
9,026175.jpg,557
347,010374.jpg,558
345,010425.jpg,559
424,023555.jpg,560
18,029622.jpg,561
72,029494.jpg,562
445,010483.jpg,563
315,010512.jpg,564
373,010172.jpg,565
342,025960.jpg,566
45,010555.jpg,567
290,014681.jpg,568
36,012180.jpg,569
9,005618.jpg,570
433,032610.jpg,571
386,010664.jpg,572
439,033096.jpg,573
433,021589.jpg,574
441,010740.jpg,575
402,003284.jpg,576
464,025936.jpg,577
15,016787.jpg,578
31,010784.jpg,579
78,024023.jpg,580
336,030074.jpg,581
402,010845.jpg,582
295,036121.jpg,583
48,035689.jpg,584
347,010888.jpg,585
418,002683.jpg,586
363,017317.jpg,587
254,035875.jpg,588
48,007013.jpg,589
374,020884.jpg,590
466,004649.jpg,591
245,011090.jpg,592
306,027053.jpg,593
317,010699.jpg,594
397,029674.jpg,595
371,000657.jpg,596
6,010301.jpg,597
403,005519.jpg,598
381,011148.jpg,599
436,009821.jpg,600
345,024991.jpg,601
412,015716.jpg,602
402,023830.jpg,603
369,016743.jpg,604
377,023090.jpg,605
317,008994.jpg,606
242,011277.jpg,607
296,011292.jpg,608
478,028477.jpg,609
16,019610.jpg,610
430,003756.jpg,611
61,002067.jpg,612
263,028496.jpg,613
306,007084.jpg,614
449,015160.jpg,615
269,011482.jpg,616
387,024881.jpg,617
351,008764.jpg,618
257,031551.jpg,619
395,014164.jpg,620
397,011612.jpg,621
373,011654.jpg,622
254,021258.jpg,623
255,015819.jpg,624
432,011689.jpg,625
285,011710.jpg,626
255,030728.jpg,627
339,006314.jpg,628
364,011787.jpg,629
349,031805.jpg,630
32,009796.jpg,631
355,002456.jpg,632
75,010734.jpg,633
29,011924.jpg,634
391,000619.jpg,635
284,011995.jpg,636
351,011998.jpg,637
362,002888.jpg,638
34,000814.jpg,639
281,012023.jpg,640
448,000319.jpg,641
373,032179.jpg,642
32,012045.jpg,643
436,022033.jpg,644
345,012066.jpg,645
260,002462.jpg,646
461,019301.jpg,647
413,001504.jpg,648
358,021337.jpg,649
44,012175.jpg,650
410,011808.jpg,651
379,012210.jpg,652
334,008879.jpg,653
280,012226.jpg,654
426,012455.jpg,655
45,005505.jpg,656
44,017986.jpg,657
320,000115.jpg,658
340,036427.jpg,659
457,015685.jpg,660
420,024285.jpg,661
336,005925.jpg,662
312,031240.jpg,663
400,009534.jpg,664
345,014031.jpg,665
392,006828.jpg,666
396,004911.jpg,667
27,019095.jpg,668
13,012490.jpg,669
407,018634.jpg,670
473,004016.jpg,671
313,004419.jpg,672
361,034087.jpg,673
273,012613.jpg,674
439,012622.jpg,675
80,030223.jpg,676
415,009595.jpg,677
370,021560.jpg,678
338,012755.jpg,679
15,010774.jpg,680
414,034035.jpg,681
300,017848.jpg,682
309,034664.jpg,683
349,000663.jpg,684
352,016194.jpg,685
34,036340.jpg,686
80,023019.jpg,687
334,006896.jpg,688
28,011712.jpg,689
349,012910.jpg,690
245,006096.jpg,691
332,012937.jpg,692
390,008279.jpg,693
449,012951.jpg,694
44,001218.jpg,695
73,012764.jpg,696
9,033758.jpg,697
377,012994.jpg,698
91,033153.jpg,699
365,015610.jpg,700
255,013047.jpg,701
47,028841.jpg,702
415,036118.jpg,703
364,028421.jpg,704
79,009738.jpg,705
343,034393.jpg,706
399,025202.jpg,707
391,001126.jpg,708
254,013180.jpg,709
358,013215.jpg,710
336,019934.jpg,711
301,010239.jpg,712
1,002749.jpg,713
393,021577.jpg,714
373,002245.jpg,715
251,013362.jpg,716
384,034933.jpg,717
337,022849.jpg,718
260,008548.jpg,719
396,036568.jpg,720
352,026954.jpg,721
51,024681.jpg,722
68,013563.jpg,723
433,012288.jpg,724
24,006192.jpg,725
428,025087.jpg,726
414,025690.jpg,727
368,005355.jpg,728
444,009247.jpg,729
452,034741.jpg,730
94,030349.jpg,731
348,005833.jpg,732
371,003438.jpg,733
90,009500.jpg,734
347,021084.jpg,735
386,002231.jpg,736
25,013738.jpg,737
454,007717.jpg,738
318,009424.jpg,739
408,013845.jpg,740
434,007351.jpg,741
26,023306.jpg,742
377,010352.jpg,743
299,012766.jpg,744
358,013964.jpg,745
9,006584.jpg,746
348,029977.jpg,747
403,014027.jpg,748
66,006129.jpg,749
273,035753.jpg,750
379,014082.jpg,751
80,029194.jpg,752
440,014103.jpg,753
396,005402.jpg,754
66,014119.jpg,755
362,006286.jpg,756
420,015618.jpg,757
282,008789.jpg,758
334,014191.jpg,759
251,029647.jpg,760
401,035913.jpg,761
260,028323.jpg,762
310,027380.jpg,763
436,006320.jpg,764
423,017513.jpg,765
243,014255.jpg,766
472,023756.jpg,767
473,009505.jpg,768
381,018585.jpg,769
92,017548.jpg,770
378,014365.jpg,771
382,025963.jpg,772
279,016663.jpg,773
408,016998.jpg,774
61,001639.jpg,775
268,024059.jpg,776
336,014496.jpg,777
376,014537.jpg,778
385,014540.jpg,779
470,007359.jpg,780
271,014587.jpg,781
37,014592.jpg,782
364,014661.jpg,783
474,024228.jpg,784
15,031484.jpg,785
354,005857.jpg,786
254,011329.jpg,787
381,010852.jpg,788
470,013854.jpg,789
444,013221.jpg,790
344,007123.jpg,791
415,021763.jpg,792
10,014955.jpg,793
416,020915.jpg,794
16,014988.jpg,795
345,033868.jpg,796
403,001015.jpg,797
426,015636.jpg,798
427,029030.jpg,799
81,031833.jpg,800
382,013076.jpg,801
398,032531.jpg,802
53,007908.jpg,803
49,011226.jpg,804
470,034689.jpg,805
391,015248.jpg,806
278,015266.jpg,807
90,015257.jpg,808
454,009717.jpg,809
265,027444.jpg,810
475,034719.jpg,811
433,026266.jpg,812
86,016924.jpg,813
338,003078.jpg,814
262,020476.jpg,815
67,023159.jpg,816
20,006213.jpg,817
413,015537.jpg,818
357,035703.jpg,819
452,015550.jpg,820
56,017840.jpg,821
64,008072.jpg,822
17,017272.jpg,823
413,015106.jpg,824
381,016707.jpg,825
93,001104.jpg,826
248,015729.jpg,827
261,015730.jpg,828
419,035635.jpg,829
431,024566.jpg,830
52,005453.jpg,831
390,010727.jpg,832
318,015864.jpg,833
380,002848.jpg,834
338,003550.jpg,835
381,015961.jpg,836
65,029849.jpg,837
39,009632.jpg,838
344,031286.jpg,839
28,011993.jpg,840
260,016063.jpg,841
276,009287.jpg,842
477,012743.jpg,843
70,032872.jpg,844
420,017738.jpg,845
4,002979.jpg,846
384,009276.jpg,847
433,016224.jpg,848
407,014691.jpg,849
470,022349.jpg,850
274,027469.jpg,851
416,012604.jpg,852
402,033570.jpg,853
395,010037.jpg,854
334,005106.jpg,855
333,010791.jpg,856
278,022290.jpg,857
320,016425.jpg,858
412,028988.jpg,859
316,016123.jpg,860
81,016732.jpg,861
362,013172.jpg,862
17,004766.jpg,863
391,016466.jpg,864
330,016492.jpg,865
308,029371.jpg,866
369,016521.jpg,867
336,018048.jpg,868
60,026225.jpg,869
56,016897.jpg,870
438,000337.jpg,871
417,029562.jpg,872
263,016689.jpg,873
10,036527.jpg,874
461,028682.jpg,875
391,016643.jpg,876
369,016646.jpg,877
93,009795.jpg,878
363,017740.jpg,879
428,003404.jpg,880
4,028366.jpg,881
89,032642.jpg,882
373,016749.jpg,883
30,026540.jpg,884
241,023652.jpg,885
250,032761.jpg,886
434,021688.jpg,887
370,016728.jpg,888
348,013525.jpg,889
51,021548.jpg,890
371,029171.jpg,891
385,000756.jpg,892
425,027742.jpg,893
260,011119.jpg,894
305,012952.jpg,895
70,033541.jpg,896
37,025265.jpg,897
55,001445.jpg,898
294,017095.jpg,899
382,017732.jpg,900
414,017135.jpg,901
54,010126.jpg,902
39,017206.jpg,903
330,017214.jpg,904
442,007202.jpg,905
281,025820.jpg,906
348,035800.jpg,907
273,011972.jpg,908
375,017270.jpg,909
403,001380.jpg,910
16,018371.jpg,911
256,002204.jpg,912
303,017288.jpg,913
338,034892.jpg,914
40,017381.jpg,915
1,034273.jpg,916
56,017422.jpg,917
458,036845.jpg,918
391,007962.jpg,919
288,035630.jpg,920
46,002330.jpg,921
244,018771.jpg,922
449,015154.jpg,923
382,005142.jpg,924
76,004472.jpg,925
377,017586.jpg,926
408,017630.jpg,927
5,011565.jpg,928
396,017648.jpg,929
271,019087.jpg,930
455,017668.jpg,931
52,036853.jpg,932
398,029298.jpg,933
382,025002.jpg,934
33,007165.jpg,935
82,031969.jpg,936
431,002635.jpg,937
382,020756.jpg,938
346,017760.jpg,939
284,005374.jpg,940
352,017772.jpg,941
86,017789.jpg,942
33,022538.jpg,943
276,020125.jpg,944
447,024942.jpg,945
7,017947.jpg,946
364,000225.jpg,947
29,019396.jpg,948
246,017964.jpg,949
20,023601.jpg,950
357,003033.jpg,951
406,011981.jpg,952
388,018131.jpg,953
467,006672.jpg,954
420,009737.jpg,955
334,018271.jpg,956
336,029736.jpg,957
64,032303.jpg,958
338,006465.jpg,959
447,016429.jpg,960
413,019775.jpg,961
444,006276.jpg,962
384,019419.jpg,963
267,021178.jpg,964
439,009399.jpg,965
265,019143.jpg,966
271,018502.jpg,967
272,024532.jpg,968
346,018519.jpg,969
415,027562.jpg,970
22,018588.jpg,971
424,003513.jpg,972
88,016607.jpg,973
343,018642.jpg,974
60,021205.jpg,975
376,003444.jpg,976
352,000681.jpg,977
395,024105.jpg,978
292,003559.jpg,979
7,032455.jpg,980
299,018837.jpg,981
280,018845.jpg,982
295,005312.jpg,983
336,022606.jpg,984
417,011950.jpg,985
448,018720.jpg,986
472,011794.jpg,987
21,034724.jpg,988
321,033204.jpg,989
298,034593.jpg,990
47,019062.jpg,991
357,027367.jpg,992
308,024600.jpg,993
338,018507.jpg,994
395,028625.jpg,995
400,032166.jpg,996
360,028832.jpg,997
264,013444.jpg,998
371,028350.jpg,999
283,024133.jpg,1000
395,005381.jpg,1001
261,019249.jpg,1002
369,019253.jpg,1003
24,021913.jpg,1004
358,026585.jpg,1005
311,031710.jpg,1006
423,019368.jpg,1007
379,011463.jpg,1008
259,019439.jpg,1009
332,015695.jpg,1010
384,029900.jpg,1011
8,000621.jpg,1012
396,025911.jpg,1013
324,019499.jpg,1014
398,031970.jpg,1015
379,030254.jpg,1016
319,019543.jpg,1017
246,022533.jpg,1018
434,019615.jpg,1019
369,034597.jpg,1020
263,031926.jpg,1021
398,019697.jpg,1022
415,019731.jpg,1023
5,021107.jpg,1024
264,012478.jpg,1025
53,008151.jpg,1026
380,019393.jpg,1027
263,015764.jpg,1028
360,033101.jpg,1029
475,017041.jpg,1030
381,009508.jpg,1031
355,019969.jpg,1032
416,032210.jpg,1033
89,006770.jpg,1034
331,020068.jpg,1035
398,035797.jpg,1036
414,030404.jpg,1037
356,001219.jpg,1038
438,020165.jpg,1039
474,005493.jpg,1040
250,020375.jpg,1041
78,020380.jpg,1042
322,026855.jpg,1043
62,011667.jpg,1044
384,019942.jpg,1045
51,032174.jpg,1046
348,015785.jpg,1047
465,020480.jpg,1048
248,020491.jpg,1049
425,020514.jpg,1050
446,020536.jpg,1051
452,029172.jpg,1052
346,010228.jpg,1053
455,020653.jpg,1054
278,003617.jpg,1055
313,019894.jpg,1056
359,026458.jpg,1057
17,020689.jpg,1058
343,036364.jpg,1059
354,020006.jpg,1060
33,000390.jpg,1061
296,031725.jpg,1062
466,020765.jpg,1063
51,019826.jpg,1064
314,020781.jpg,1065
474,020500.jpg,1066
344,020809.jpg,1067
336,003143.jpg,1068
385,005196.jpg,1069
319,014577.jpg,1070
452,030445.jpg,1071
71,005879.jpg,1072
448,021148.jpg,1073
13,017754.jpg,1074
379,013747.jpg,1075
445,020989.jpg,1076
55,019437.jpg,1077
354,036572.jpg,1078
332,015742.jpg,1079
417,021047.jpg,1080
347,021052.jpg,1081
380,021061.jpg,1082
255,023169.jpg,1083
359,021089.jpg,1084
59,021097.jpg,1085
375,021105.jpg,1086
452,035589.jpg,1087
35,016378.jpg,1088
459,016334.jpg,1089
377,033084.jpg,1090
416,022797.jpg,1091
340,031486.jpg,1092
378,015580.jpg,1093
367,021196.jpg,1094
22,002130.jpg,1095
57,030521.jpg,1096
439,004148.jpg,1097
420,021256.jpg,1098
400,018093.jpg,1099
315,021288.jpg,1100
426,017686.jpg,1101
377,035492.jpg,1102
371,003089.jpg,1103
340,020789.jpg,1104
451,021343.jpg,1105
275,021346.jpg,1106
348,018609.jpg,1107
272,021395.jpg,1108
261,016573.jpg,1109
432,018600.jpg,1110
449,033217.jpg,1111
427,021524.jpg,1112
384,032094.jpg,1113
354,014719.jpg,1114
379,019043.jpg,1115
74,018146.jpg,1116
371,021667.jpg,1117
330,021042.jpg,1118
347,007824.jpg,1119
400,020646.jpg,1120
386,009373.jpg,1121
372,014353.jpg,1122
476,000289.jpg,1123
63,005287.jpg,1124
429,018422.jpg,1125
245,001619.jpg,1126
14,021811.jpg,1127
374,009904.jpg,1128
309,035931.jpg,1129
471,031640.jpg,1130
338,022621.jpg,1131
259,016254.jpg,1132
419,015145.jpg,1133
91,017452.jpg,1134
442,021933.jpg,1135
397,017354.jpg,1136
46,017876.jpg,1137
352,019234.jpg,1138
468,036151.jpg,1139
405,022484.jpg,1140
68,018378.jpg,1141
13,033655.jpg,1142
373,017912.jpg,1143
289,024249.jpg,1144
381,011962.jpg,1145
272,025169.jpg,1146
242,022283.jpg,1147
470,004098.jpg,1148
356,021519.jpg,1149
299,016765.jpg,1150
358,020142.jpg,1151
57,022359.jpg,1152
351,022387.jpg,1153
359,015325.jpg,1154
7,009999.jpg,1155
272,022428.jpg,1156
398,015376.jpg,1157
443,022469.jpg,1158
386,022491.jpg,1159
341,003507.jpg,1160
349,008053.jpg,1161
333,022558.jpg,1162
261,002569.jpg,1163
252,023268.jpg,1164
30,020783.jpg,1165
272,032934.jpg,1166
265,033978.jpg,1167
241,022615.jpg,1168
380,022617.jpg,1169
338,016990.jpg,1170
398,029815.jpg,1171
261,022630.jpg,1172
374,022680.jpg,1173
77,028777.jpg,1174
82,018691.jpg,1175
476,022685.jpg,1176
309,002942.jpg,1177
3,009340.jpg,1178
357,010428.jpg,1179
274,023736.jpg,1180
50,021336.jpg,1181
332,012480.jpg,1182
70,014604.jpg,1183
260,022983.jpg,1184
430,022985.jpg,1185
343,023004.jpg,1186
431,023053.jpg,1187
47,034174.jpg,1188
60,023086.jpg,1189
351,013418.jpg,1190
22,032408.jpg,1191
411,004723.jpg,1192
260,023166.jpg,1193
414,014156.jpg,1194
424,023187.jpg,1195
18,014296.jpg,1196
294,023225.jpg,1197
400,019902.jpg,1198
381,028657.jpg,1199
247,001026.jpg,1200
251,023279.jpg,1201
90,023291.jpg,1202
468,002999.jpg,1203
422,005600.jpg,1204
252,023388.jpg,1205
397,001754.jpg,1206
435,011028.jpg,1207
318,024154.jpg,1208
364,023704.jpg,1209
316,023477.jpg,1210
375,011010.jpg,1211
344,023991.jpg,1212
357,005940.jpg,1213
287,016894.jpg,1214
77,008670.jpg,1215
370,005957.jpg,1216
34,013668.jpg,1217
471,026515.jpg,1218
35,032337.jpg,1219
328,023623.jpg,1220
474,007935.jpg,1221
20,014425.jpg,1222
42,010014.jpg,1223
385,023694.jpg,1224
2,023744.jpg,1225
421,014905.jpg,1226
382,023817.jpg,1227
348,023250.jpg,1228
47,003170.jpg,1229
331,033485.jpg,1230
348,009733.jpg,1231
56,011818.jpg,1232
63,014200.jpg,1233
377,023978.jpg,1234
244,023987.jpg,1235
268,003898.jpg,1236
289,012734.jpg,1237
441,003608.jpg,1238
349,015073.jpg,1239
408,003173.jpg,1240
465,024117.jpg,1241
346,019917.jpg,1242
415,024177.jpg,1243
75,003795.jpg,1244
364,011468.jpg,1245
247,024615.jpg,1246
318,010364.jpg,1247
26,035265.jpg,1248
280,004674.jpg,1249
256,024239.jpg,1250
81,007196.jpg,1251
250,019340.jpg,1252
325,004930.jpg,1253
471,023479.jpg,1254
66,011424.jpg,1255
422,024319.jpg,1256
425,021043.jpg,1257
382,010387.jpg,1258
72,016863.jpg,1259
333,006426.jpg,1260
398,007243.jpg,1261
399,010314.jpg,1262
255,024394.jpg,1263
335,016763.jpg,1264
389,036064.jpg,1265
400,025158.jpg,1266
448,024454.jpg,1267
432,024459.jpg,1268
265,008396.jpg,1269
380,022114.jpg,1270
415,035942.jpg,1271
336,023457.jpg,1272
73,021203.jpg,1273
321,024544.jpg,1274
444,024573.jpg,1275
69,011952.jpg,1276
352,014020.jpg,1277
370,013941.jpg,1278
375,012718.jpg,1279
19,005137.jpg,1280
398,030701.jpg,1281
387,024652.jpg,1282
270,024653.jpg,1283
58,018007.jpg,1284
27,036719.jpg,1285
274,024745.jpg,1286
22,009090.jpg,1287
433,024924.jpg,1288
50,024797.jpg,1289
344,024802.jpg,1290
444,033462.jpg,1291
378,007215.jpg,1292
434,016832.jpg,1293
327,025830.jpg,1294
348,019758.jpg,1295
397,013056.jpg,1296
317,026335.jpg,1297
379,003945.jpg,1298
370,024923.jpg,1299
424,024937.jpg,1300
251,002963.jpg,1301
260,024959.jpg,1302
382,006519.jpg,1303
387,005632.jpg,1304
95,024962.jpg,1305
273,025069.jpg,1306
263,025159.jpg,1307
246,019524.jpg,1308
349,008680.jpg,1309
349,028394.jpg,1310
429,025205.jpg,1311
363,025218.jpg,1312
398,001649.jpg,1313
249,022798.jpg,1314
456,033593.jpg,1315
405,025296.jpg,1316
87,023699.jpg,1317
273,025316.jpg,1318
453,025349.jpg,1319
58,012557.jpg,1320
374,011863.jpg,1321
381,025397.jpg,1322
422,015500.jpg,1323
365,025446.jpg,1324
59,025452.jpg,1325
323,015980.jpg,1326
363,036584.jpg,1327
75,003338.jpg,1328
375,003878.jpg,1329
361,033062.jpg,1330
396,011574.jpg,1331
384,025624.jpg,1332
326,027501.jpg,1333
74,008422.jpg,1334
426,010454.jpg,1335
41,027289.jpg,1336
62,020147.jpg,1337
457,027959.jpg,1338
283,029085.jpg,1339
273,024132.jpg,1340
23,030906.jpg,1341
272,003506.jpg,1342
12,025890.jpg,1343
393,004213.jpg,1344
88,032448.jpg,1345
32,011470.jpg,1346
397,013603.jpg,1347
277,025966.jpg,1348
449,008646.jpg,1349
406,025999.jpg,1350
260,020711.jpg,1351
357,003604.jpg,1352
377,003126.jpg,1353
339,011649.jpg,1354
58,030320.jpg,1355
352,025689.jpg,1356
317,026123.jpg,1357
241,026185.jpg,1358
36,006903.jpg,1359
35,026207.jpg,1360
370,001129.jpg,1361
244,027667.jpg,1362
412,007712.jpg,1363
433,026362.jpg,1364
361,034528.jpg,1365
380,035768.jpg,1366
423,026437.jpg,1367
364,026468.jpg,1368
94,006878.jpg,1369
395,027564.jpg,1370
371,021722.jpg,1371
85,028542.jpg,1372
376,002845.jpg,1373
476,019726.jpg,1374
423,015717.jpg,1375
429,026601.jpg,1376
15,026627.jpg,1377
449,004880.jpg,1378
67,026664.jpg,1379
31,022408.jpg,1380
288,001548.jpg,1381
412,018260.jpg,1382
11,028070.jpg,1383
408,034802.jpg,1384
94,026886.jpg,1385
260,036807.jpg,1386
27,026726.jpg,1387
19,011245.jpg,1388
312,005040.jpg,1389
45,014872.jpg,1390
448,026794.jpg,1391
427,026812.jpg,1392
369,026828.jpg,1393
261,036814.jpg,1394
330,035761.jpg,1395
476,027845.jpg,1396
261,026991.jpg,1397
259,027978.jpg,1398
465,005950.jpg,1399
66,027096.jpg,1400
334,011180.jpg,1401
306,027169.jpg,1402
442,032342.jpg,1403
65,036218.jpg,1404
400,013590.jpg,1405
282,019647.jpg,1406
305,030023.jpg,1407
420,030141.jpg,1408
242,011698.jpg,1409
64,029366.jpg,1410
36,018744.jpg,1411
321,016984.jpg,1412
53,035397.jpg,1413
381,010815.jpg,1414
397,008317.jpg,1415
89,019487.jpg,1416
319,029293.jpg,1417
344,027466.jpg,1418
311,016118.jpg,1419
292,015674.jpg,1420
322,027483.jpg,1421
409,027508.jpg,1422
336,025222.jpg,1423
416,018357.jpg,1424
287,027611.jpg,1425
352,004580.jpg,1426
248,029669.jpg,1427
260,027695.jpg,1428
52,030324.jpg,1429
253,007034.jpg,1430
287,027747.jpg,1431
27,014576.jpg,1432
344,027817.jpg,1433
17,027830.jpg,1434
254,030953.jpg,1435
40,000772.jpg,1436
467,027896.jpg,1437
344,027928.jpg,1438
477,000653.jpg,1439
367,025187.jpg,1440
78,035141.jpg,1441
349,028060.jpg,1442
34,028072.jpg,1443
68,028086.jpg,1444
12,028089.jpg,1445
391,004690.jpg,1446
411,028103.jpg,1447
8,011249.jpg,1448
76,011345.jpg,1449
370,003615.jpg,1450
369,001121.jpg,1451
358,005582.jpg,1452
357,016384.jpg,1453
93,013186.jpg,1454
461,024032.jpg,1455
74,005203.jpg,1456
260,028621.jpg,1457
436,028280.jpg,1458
280,028326.jpg,1459
415,028327.jpg,1460
468,031911.jpg,1461
397,013135.jpg,1462
476,010979.jpg,1463
260,031253.jpg,1464
413,020326.jpg,1465
295,028449.jpg,1466
260,028504.jpg,1467
433,028585.jpg,1468
464,014886.jpg,1469
395,028684.jpg,1470
368,028714.jpg,1471
410,005996.jpg,1472
302,015566.jpg,1473
376,035022.jpg,1474
313,028799.jpg,1475
318,028814.jpg,1476
39,026971.jpg,1477
392,028842.jpg,1478
299,007466.jpg,1479
291,031844.jpg,1480
422,023507.jpg,1481
348,028934.jpg,1482
410,007865.jpg,1483
397,001798.jpg,1484
414,026918.jpg,1485
405,028984.jpg,1486
390,023050.jpg,1487
83,030520.jpg,1488
83,032605.jpg,1489
448,030791.jpg,1490
405,026981.jpg,1491
278,005868.jpg,1492
359,034546.jpg,1493
291,009173.jpg,1494
428,011378.jpg,1495
12,009413.jpg,1496
433,010694.jpg,1497
247,029196.jpg,1498
43,029202.jpg,1499
444,032648.jpg,1500
340,016529.jpg,1501
445,033143.jpg,1502
374,032349.jpg,1503
63,029286.jpg,1504
260,036282.jpg,1505
49,034795.jpg,1506
45,032392.jpg,1507
296,029342.jpg,1508
64,017225.jpg,1509
24,029379.jpg,1510
314,029391.jpg,1511
25,022454.jpg,1512
38,013736.jpg,1513
46,004563.jpg,1514
470,006306.jpg,1515
351,002842.jpg,1516
20,029416.jpg,1517
55,006444.jpg,1518
421,025291.jpg,1519
420,014412.jpg,1520
383,016436.jpg,1521
87,017831.jpg,1522
271,029566.jpg,1523
334,009883.jpg,1524
383,010552.jpg,1525
316,015728.jpg,1526
264,024355.jpg,1527
352,031922.jpg,1528
335,036183.jpg,1529
378,026305.jpg,1530
420,029707.jpg,1531
471,015119.jpg,1532
442,008969.jpg,1533
370,019407.jpg,1534
24,029740.jpg,1535
398,029753.jpg,1536
408,029755.jpg,1537
312,023661.jpg,1538
334,010100.jpg,1539
384,023246.jpg,1540
346,016364.jpg,1541
380,013816.jpg,1542
354,029865.jpg,1543
349,007257.jpg,1544
343,024930.jpg,1545
294,024078.jpg,1546
30,034421.jpg,1547
354,028743.jpg,1548
61,021217.jpg,1549
257,029108.jpg,1550
448,020835.jpg,1551
75,028047.jpg,1552
420,023700.jpg,1553
416,030017.jpg,1554
282,030033.jpg,1555
281,032254.jpg,1556
18,030054.jpg,1557
339,016554.jpg,1558
369,033646.jpg,1559
407,009478.jpg,1560
407,030181.jpg,1561
1,015635.jpg,1562
333,030306.jpg,1563
417,030322.jpg,1564
352,018365.jpg,1565
470,003989.jpg,1566
279,018718.jpg,1567
408,001245.jpg,1568
412,013515.jpg,1569
73,024062.jpg,1570
340,030391.jpg,1571
266,020416.jpg,1572
476,006313.jpg,1573
359,035371.jpg,1574
391,017393.jpg,1575
363,019728.jpg,1576
305,026787.jpg,1577
294,016330.jpg,1578
445,029739.jpg,1579
265,030558.jpg,1580
302,030576.jpg,1581
396,030593.jpg,1582
368,036516.jpg,1583
445,030783.jpg,1584
3,030652.jpg,1585
348,028880.jpg,1586
436,025738.jpg,1587
443,025061.jpg,1588
461,012884.jpg,1589
386,029610.jpg,1590
322,030788.jpg,1591
13,026766.jpg,1592
19,031880.jpg,1593
415,030905.jpg,1594
359,027894.jpg,1595
376,020940.jpg,1596
21,021538.jpg,1597
48,021601.jpg,1598
363,031018.jpg,1599
383,006461.jpg,1600
31,027213.jpg,1601
37,031094.jpg,1602
82,001595.jpg,1603
85,015503.jpg,1604
258,031151.jpg,1605
358,021518.jpg,1606
477,032752.jpg,1607
73,031203.jpg,1608
364,013914.jpg,1609
401,011247.jpg,1610
2,031267.jpg,1611
407,002071.jpg,1612
370,029440.jpg,1613
264,031340.jpg,1614
360,035146.jpg,1615
395,031357.jpg,1616
357,024002.jpg,1617
372,017114.jpg,1618
403,027405.jpg,1619
378,031413.jpg,1620
380,013679.jpg,1621
22,036669.jpg,1622
409,032762.jpg,1623
458,004825.jpg,1624
448,031473.jpg,1625
297,027264.jpg,1626
420,028655.jpg,1627
284,031547.jpg,1628
68,011081.jpg,1629
386,031579.jpg,1630
339,011917.jpg,1631
376,002566.jpg,1632
351,031629.jpg,1633
444,017497.jpg,1634
79,031090.jpg,1635
444,019564.jpg,1636
334,028613.jpg,1637
421,031711.jpg,1638
413,004039.jpg,1639
381,018356.jpg,1640
435,026775.jpg,1641
371,031774.jpg,1642
316,018149.jpg,1643
26,036528.jpg,1644
461,020942.jpg,1645
391,035822.jpg,1646
271,029464.jpg,1647
11,016186.jpg,1648
373,018621.jpg,1649
339,031942.jpg,1650
441,019112.jpg,1651
377,033512.jpg,1652
14,017777.jpg,1653
375,000249.jpg,1654
377,032073.jpg,1655
436,036506.jpg,1656
432,030032.jpg,1657
433,006255.jpg,1658
277,010292.jpg,1659
267,032182.jpg,1660
48,002691.jpg,1661
355,014463.jpg,1662
400,032222.jpg,1663
7,007716.jpg,1664
345,000111.jpg,1665
379,023045.jpg,1666
379,034503.jpg,1667
414,015320.jpg,1668
284,034186.jpg,1669
468,032382.jpg,1670
352,032384.jpg,1671
263,032387.jpg,1672
446,011980.jpg,1673
413,032439.jpg,1674
23,010957.jpg,1675
39,022935.jpg,1676
250,032475.jpg,1677
262,036686.jpg,1678
396,032575.jpg,1679
26,016083.jpg,1680
403,008312.jpg,1681
425,019018.jpg,1682
425,032821.jpg,1683
304,025721.jpg,1684
67,032632.jpg,1685
422,032639.jpg,1686
268,011568.jpg,1687
363,035916.jpg,1688
263,032680.jpg,1689
333,032744.jpg,1690
243,032750.jpg,1691
273,002675.jpg,1692
450,017793.jpg,1693
392,019090.jpg,1694
262,025429.jpg,1695
320,008253.jpg,1696
352,032861.jpg,1697
281,020779.jpg,1698
353,014593.jpg,1699
359,015865.jpg,1700
15,026368.jpg,1701
412,007811.jpg,1702
4,029773.jpg,1703
260,033009.jpg,1704
50,035433.jpg,1705
429,035818.jpg,1706
413,033115.jpg,1707
376,029695.jpg,1708
385,021297.jpg,1709
334,011793.jpg,1710
428,016871.jpg,1711
298,033201.jpg,1712
305,033248.jpg,1713
249,033276.jpg,1714
460,014113.jpg,1715
74,036793.jpg,1716
71,009314.jpg,1717
28,025300.jpg,1718
412,033311.jpg,1719
400,018658.jpg,1720
363,033341.jpg,1721
369,030110.jpg,1722
468,019649.jpg,1723
403,033388.jpg,1724
439,036365.jpg,1725
393,033394.jpg,1726
354,006067.jpg,1727
332,033458.jpg,1728
287,010529.jpg,1729
398,004629.jpg,1730
357,029129.jpg,1731
260,003082.jpg,1732
403,028928.jpg,1733
281,012787.jpg,1734
407,001285.jpg,1735
242,021403.jpg,1736
67,018200.jpg,1737
417,014067.jpg,1738
277,029528.jpg,1739
406,011043.jpg,1740
405,001438.jpg,1741
70,019532.jpg,1742
474,012224.jpg,1743
334,033842.jpg,1744
417,033549.jpg,1745
272,018057.jpg,1746
363,033894.jpg,1747
43,006263.jpg,1748
357,032167.jpg,1749
69,020121.jpg,1750
457,018981.jpg,1751
264,034025.jpg,1752
435,034050.jpg,1753
290,024080.jpg,1754
21,034079.jpg,1755
332,034095.jpg,1756
402,012218.jpg,1757
443,005274.jpg,1758
369,015947.jpg,1759
448,034112.jpg,1760
245,018648.jpg,1761
336,033909.jpg,1762
76,029907.jpg,1763
325,015817.jpg,1764
346,036503.jpg,1765
389,026337.jpg,1766
351,001960.jpg,1767
11,007523.jpg,1768
384,015815.jpg,1769
264,022639.jpg,1770
61,034357.jpg,1771
447,034365.jpg,1772
31,034380.jpg,1773
74,015899.jpg,1774
83,034394.jpg,1775
354,034400.jpg,1776
398,001751.jpg,1777
433,034460.jpg,1778
418,023926.jpg,1779
396,034533.jpg,1780
405,034536.jpg,1781
56,026878.jpg,1782
474,028198.jpg,1783
12,005141.jpg,1784
50,034607.jpg,1785
295,034651.jpg,1786
293,034794.jpg,1787
52,026115.jpg,1788
436,036029.jpg,1789
436,016519.jpg,1790
391,034790.jpg,1791
350,006789.jpg,1792
17,035287.jpg,1793
52,017638.jpg,1794
278,014212.jpg,1795
475,035361.jpg,1796
348,034487.jpg,1797
330,034896.jpg,1798
358,030802.jpg,1799
25,036349.jpg,1800
378,033518.jpg,1801
377,025379.jpg,1802
347,027278.jpg,1803
345,031191.jpg,1804
408,031603.jpg,1805
432,021115.jpg,1806
378,035033.jpg,1807
347,002399.jpg,1808
447,017560.jpg,1809
452,035102.jpg,1810
381,018699.jpg,1811
351,004702.jpg,1812
342,000679.jpg,1813
392,035230.jpg,1814
438,010520.jpg,1815
354,019175.jpg,1816
458,036006.jpg,1817
472,027559.jpg,1818
42,035280.jpg,1819
347,015705.jpg,1820
358,019120.jpg,1821
25,024716.jpg,1822
336,020538.jpg,1823
370,030310.jpg,1824
276,035375.jpg,1825
21,035394.jpg,1826
379,009453.jpg,1827
35,035442.jpg,1828
404,003889.jpg,1829
385,028532.jpg,1830
398,033866.jpg,1831
358,035553.jpg,1832
365,023419.jpg,1833
31,024443.jpg,1834
252,011966.jpg,1835
76,024317.jpg,1836
343,027657.jpg,1837
34,027026.jpg,1838
405,000481.jpg,1839
371,021507.jpg,1840
263,011686.jpg,1841
327,014524.jpg,1842
425,021946.jpg,1843
398,035820.jpg,1844
324,008825.jpg,1845
243,027346.jpg,1846
90,008444.jpg,1847
14,035185.jpg,1848
77,035897.jpg,1849
363,025242.jpg,1850
53,034177.jpg,1851
259,035944.jpg,1852
408,010443.jpg,1853
430,016843.jpg,1854
329,005122.jpg,1855
10,025439.jpg,1856
366,011386.jpg,1857
71,036038.jpg,1858
376,036053.jpg,1859
16,036056.jpg,1860
352,011701.jpg,1861
260,036113.jpg,1862
354,034970.jpg,1863
433,012833.jpg,1864
425,012163.jpg,1865
356,012737.jpg,1866
354,029659.jpg,1867
274,002072.jpg,1868
71,006917.jpg,1869
452,008067.jpg,1870
387,036462.jpg,1871
367,007315.jpg,1872
422,029556.jpg,1873
260,036552.jpg,1874
358,026001.jpg,1875
40,016292.jpg,1876
391,000220.jpg,1877
386,029017.jpg,1878
306,020362.jpg,1879
351,010291.jpg,1880
354,015782.jpg,1881
336,003641.jpg,1882
28,036703.jpg,1883
403,035904.jpg,1884
91,036765.jpg,1885
248,028390.jpg,1886
373,010123.jpg,1887
386,014626.jpg,1888
36,023442.jpg,1889
285,036859.jpg,1890
394,013980.jpg,1891
352,009388.jpg,1892
264,036892.jpg,1893
351,019525.jpg,1894
95,014696.jpg,1895
384,025676.jpg,1896
