474,036580.jpg
402,016057.jpg
352,033914.jpg
348,008223.jpg
353,030258.jpg
409,013967.jpg
352,016776.jpg
15,014712.jpg
461,002879.jpg
466,005695.jpg
402,005212.jpg
42,032664.jpg
476,034576.jpg
47,021372.jpg
45,001544.jpg
5,020824.jpg
10,027341.jpg
463,020302.jpg
358,030075.jpg
275,006559.jpg
413,026701.jpg
48,003555.jpg
275,036586.jpg
354,021154.jpg
274,004789.jpg
476,018821.jpg
10,011983.jpg
441,015452.jpg
13,011382.jpg
83,010078.jpg
354,025551.jpg
76,024916.jpg
327,008635.jpg
297,007428.jpg
441,036652.jpg
32,030368.jpg
353,033625.jpg
471,028927.jpg
470,031691.jpg
475,036420.jpg
352,020314.jpg
32,014080.jpg
354,021616.jpg
91,032204.jpg
348,035862.jpg
357,022732.jpg
9,016774.jpg
48,022017.jpg
464,032248.jpg
351,017269.jpg
14,017081.jpg
77,008670.jpg
42,005992.jpg
441,016192.jpg
470,011758.jpg
475,014620.jpg
274,024406.jpg
474,024850.jpg
465,009868.jpg
399,021627.jpg
352,014344.jpg
470,035688.jpg
354,017832.jpg
470,017027.jpg
475,023871.jpg
470,002843.jpg
44,016505.jpg
278,001828.jpg
478,013771.jpg
354,017769.jpg
475,031550.jpg
358,035249.jpg
351,031965.jpg
465,019262.jpg
402,007665.jpg
467,002651.jpg
357,024956.jpg
13,026889.jpg
351,032789.jpg
355,033709.jpg
470,029352.jpg
81,006847.jpg
355,029696.jpg
465,034226.jpg
473,017109.jpg
404,002342.jpg
48,032199.jpg
473,017178.jpg
76,020069.jpg
461,023836.jpg
441,008653.jpg
278,034824.jpg
472,035276.jpg
13,031070.jpg
32,009177.jpg
354,023375.jpg
421,015794.jpg
402,026388.jpg
90,003483.jpg
358,001527.jpg
400,009762.jpg
355,010867.jpg
46,018165.jpg
278,007380.jpg
49,011923.jpg
242,021151.jpg
359,016400.jpg
326,031872.jpg
71,003220.jpg
295,014851.jpg
358,021337.jpg
476,019015.jpg
358,008373.jpg
324,035309.jpg
464,022382.jpg
322,005200.jpg
441,024266.jpg
402,027388.jpg
348,016169.jpg
17,020689.jpg
476,007552.jpg
413,033166.jpg
40,034134.jpg
470,005742.jpg
47,023860.jpg
390,013536.jpg
278,034721.jpg
278,030381.jpg
358,023444.jpg
297,034403.jpg
352,005797.jpg
1,028036.jpg
393,002664.jpg
400,015330.jpg
358,024995.jpg
402,011960.jpg
17,024842.jpg
45,031888.jpg
468,003354.jpg
15,011285.jpg
353,023956.jpg
358,020964.jpg
354,017765.jpg
402,020595.jpg
348,014019.jpg
461,009573.jpg
470,018847.jpg
359,010817.jpg
400,018592.jpg
357,025476.jpg
275,030045.jpg
465,030934.jpg
470,026528.jpg
79,031717.jpg
348,029918.jpg
351,025044.jpg
354,021996.jpg
359,015935.jpg
461,015954.jpg
74,004538.jpg
351,032110.jpg
75,017591.jpg
399,030267.jpg
352,007008.jpg
75,023789.jpg
77,015776.jpg
471,020027.jpg
430,006915.jpg
348,023974.jpg
74,008732.jpg
81,017692.jpg
352,024423.jpg
70,000580.jpg
393,009057.jpg
44,029540.jpg
470,012810.jpg
451,002604.jpg
324,008949.jpg
402,021587.jpg
348,012882.jpg
12,025890.jpg
272,001001.jpg
473,032827.jpg
357,028164.jpg
359,010351.jpg
76,020651.jpg
359,003186.jpg
390,001659.jpg
19,034338.jpg
282,034155.jpg
470,010519.jpg
471,022813.jpg
475,000168.jpg
413,007738.jpg
359,006829.jpg
468,011955.jpg
390,027187.jpg
297,007619.jpg
474,002000.jpg
42,002712.jpg
293,009547.jpg
355,015784.jpg
70,004692.jpg
80,015592.jpg
355,031721.jpg
354,029159.jpg
468,017352.jpg
63,023950.jpg
278,009457.jpg
93,014139.jpg
242,025420.jpg
326,013575.jpg
74,025843.jpg
12,009077.jpg
284,019386.jpg
354,003964.jpg
409,014426.jpg
471,033697.jpg
465,000506.jpg
356,018949.jpg
75,019936.jpg
409,013977.jpg
45,010832.jpg
430,033987.jpg
352,036524.jpg
348,034366.jpg
451,008367.jpg
81,035938.jpg
271,012823.jpg
266,019498.jpg
394,011713.jpg
272,018824.jpg
352,027254.jpg
419,034817.jpg
356,002634.jpg
467,011143.jpg
47,013055.jpg
284,035789.jpg
352,024935.jpg
351,035339.jpg
359,004685.jpg
1,017286.jpg
62,036358.jpg
351,013534.jpg
297,017716.jpg
430,029888.jpg
284,031547.jpg
323,008031.jpg
91,034699.jpg
470,027609.jpg
352,001669.jpg
274,022601.jpg
17,032981.jpg
421,010330.jpg
81,015100.jpg
358,000378.jpg
351,036414.jpg
390,027980.jpg
77,031631.jpg
295,019411.jpg
351,024839.jpg
351,032223.jpg
357,027312.jpg
93,007437.jpg
94,021635.jpg
474,020991.jpg
353,030379.jpg
476,026926.jpg
400,026425.jpg
14,032027.jpg
328,005776.jpg
351,005401.jpg
404,024531.jpg
5,004661.jpg
74,020490.jpg
351,005084.jpg
348,004287.jpg
468,022506.jpg
351,032918.jpg
359,033699.jpg
335,023033.jpg
80,033550.jpg
295,025826.jpg
352,007377.jpg
32,035070.jpg
352,025434.jpg
441,032214.jpg
71,014229.jpg
266,031756.jpg
351,001486.jpg
354,034258.jpg
352,020256.jpg
348,024694.jpg
91,034531.jpg
271,036178.jpg
399,030052.jpg
357,023985.jpg
94,006878.jpg
478,022304.jpg
13,036897.jpg
356,005807.jpg
74,025478.jpg
83,011324.jpg
357,013570.jpg
275,025675.jpg
48,026519.jpg
464,004498.jpg
462,031300.jpg
359,031152.jpg
32,004153.jpg
390,009661.jpg
354,006947.jpg
358,007049.jpg
474,000732.jpg
284,007910.jpg
242,021403.jpg
74,017336.jpg
357,026073.jpg
80,016958.jpg
358,014884.jpg
400,023303.jpg
352,019258.jpg
357,006808.jpg
42,016327.jpg
471,032669.jpg
324,013416.jpg
351,010947.jpg
413,014761.jpg
42,026313.jpg
476,013133.jpg
71,020987.jpg
476,035353.jpg
413,024596.jpg
274,027469.jpg
476,011465.jpg
295,010802.jpg
357,001839.jpg
469,022056.jpg
474,018791.jpg
467,005527.jpg
404,023399.jpg
354,001228.jpg
476,005057.jpg
468,011219.jpg
293,008890.jpg
63,023038.jpg
92,018559.jpg
359,034546.jpg
271,012966.jpg
13,017355.jpg
272,036182.jpg
402,036739.jpg
400,021978.jpg
44,012175.jpg
400,034810.jpg
242,036148.jpg
271,029964.jpg
90,027288.jpg
64,033988.jpg
17,016271.jpg
93,014727.jpg
75,035631.jpg
472,007973.jpg
17,011631.jpg
461,019571.jpg
400,035997.jpg
46,008046.jpg
284,035611.jpg
402,028570.jpg
476,002306.jpg
13,019708.jpg
62,025750.jpg
44,009987.jpg
14,032915.jpg
40,036565.jpg
399,013106.jpg
71,033604.jpg
356,021986.jpg
326,013734.jpg
295,032319.jpg
357,019550.jpg
476,013596.jpg
476,009391.jpg
352,010537.jpg
461,025817.jpg
284,010390.jpg
361,025574.jpg
359,012677.jpg
272,020118.jpg
293,001522.jpg
413,007107.jpg
94,020936.jpg
19,000459.jpg
322,021462.jpg
42,005340.jpg
93,028686.jpg
463,017654.jpg
13,001876.jpg
476,035720.jpg
352,018365.jpg
74,034391.jpg
352,031115.jpg
473,003031.jpg
472,011190.jpg
19,033040.jpg
348,014594.jpg
358,008993.jpg
461,022585.jpg
74,032388.jpg
62,036690.jpg
14,002713.jpg
358,034173.jpg
477,035657.jpg
19,021564.jpg
293,027757.jpg
475,012086.jpg
472,027702.jpg
430,016843.jpg
393,001810.jpg
404,029322.jpg
70,023764.jpg
472,017353.jpg
402,034949.jpg
278,031566.jpg
467,023056.jpg
355,007430.jpg
352,015139.jpg
474,022619.jpg
354,017791.jpg
394,006064.jpg
324,004793.jpg
278,032398.jpg
12,010411.jpg
399,033554.jpg
74,031686.jpg
49,031218.jpg
348,006939.jpg
354,008130.jpg
324,006111.jpg
286,015054.jpg
409,023654.jpg
471,032116.jpg
32,027227.jpg
351,002746.jpg
474,006127.jpg
467,013920.jpg
74,006364.jpg
355,002049.jpg
70,017315.jpg
354,003426.jpg
282,024636.jpg
46,015924.jpg
75,002372.jpg
409,014834.jpg
5,017735.jpg
402,013145.jpg
476,035933.jpg
358,011918.jpg
351,033521.jpg
471,006282.jpg
390,036817.jpg
17,029282.jpg
358,036510.jpg
351,035435.jpg
478,027476.jpg
451,004454.jpg
355,014463.jpg
470,034139.jpg
350,007918.jpg
83,036602.jpg
413,018778.jpg
350,005565.jpg
393,004213.jpg
351,014438.jpg
321,036595.jpg
390,002526.jpg
74,019211.jpg
348,026332.jpg
357,031699.jpg
44,014844.jpg
276,007375.jpg
357,003604.jpg
471,029794.jpg
326,007901.jpg
71,010451.jpg
348,034567.jpg
354,027351.jpg
475,030578.jpg
76,012529.jpg
400,026452.jpg
354,011614.jpg
430,001609.jpg
12,000538.jpg
352,005983.jpg
32,021893.jpg
80,005599.jpg
13,002528.jpg
74,009234.jpg
393,030699.jpg
286,022220.jpg
361,019867.jpg
390,013034.jpg
64,027249.jpg
286,029653.jpg
476,024580.jpg
350,015487.jpg
357,023965.jpg
354,008457.jpg
348,020607.jpg
76,025468.jpg
297,025805.jpg
357,003497.jpg
328,035895.jpg
70,016185.jpg
413,034506.jpg
399,016729.jpg
14,018103.jpg
464,030281.jpg
358,028093.jpg
413,000777.jpg
430,014066.jpg
474,028198.jpg
13,021865.jpg
471,000157.jpg
352,011132.jpg
74,014601.jpg
357,036784.jpg
44,033817.jpg
91,033150.jpg
469,017553.jpg
352,031246.jpg
48,033103.jpg
359,027692.jpg
430,023839.jpg
354,018842.jpg
276,022295.jpg
291,028869.jpg
348,032973.jpg
472,014240.jpg
421,026194.jpg
272,035784.jpg
284,009482.jpg
321,030617.jpg
461,017605.jpg
75,019582.jpg
409,031065.jpg
400,002179.jpg
465,000224.jpg
469,019007.jpg
359,001999.jpg
402,029487.jpg
324,003946.jpg
348,029182.jpg
399,019350.jpg
358,013257.jpg
280,024283.jpg
9,010349.jpg
404,031903.jpg
468,010521.jpg
77,002684.jpg
475,034835.jpg
353,025064.jpg
348,035271.jpg
472,026501.jpg
348,022132.jpg
353,017499.jpg
354,001817.jpg
461,029840.jpg
291,026860.jpg
352,036803.jpg
351,022733.jpg
476,003700.jpg
94,004057.jpg
83,007472.jpg
348,013981.jpg
17,004603.jpg
352,032899.jpg
79,002388.jpg
276,028930.jpg
9,028487.jpg
276,035375.jpg
93,025898.jpg
466,035980.jpg
19,016213.jpg
468,016981.jpg
354,019967.jpg
75,025680.jpg
352,033229.jpg
280,013107.jpg
350,011123.jpg
355,034833.jpg
291,015745.jpg
48,010887.jpg
476,012599.jpg
354,034400.jpg
476,010473.jpg
400,013431.jpg
13,004208.jpg
466,028445.jpg
1,024263.jpg
469,033520.jpg
276,010560.jpg
10,014920.jpg
357,031380.jpg
354,008438.jpg
348,017258.jpg
80,014101.jpg
400,025085.jpg
350,025783.jpg
48,036408.jpg
358,011331.jpg
297,019815.jpg
1,029667.jpg
463,005007.jpg
400,024616.jpg
355,002690.jpg
358,016114.jpg
419,021911.jpg
472,011965.jpg
348,002743.jpg
470,003292.jpg
354,008006.jpg
325,026302.jpg
357,007218.jpg
348,010969.jpg
404,029255.jpg
441,035143.jpg
76,017082.jpg
348,029977.jpg
470,034584.jpg
75,034747.jpg
272,014773.jpg
468,008417.jpg
71,010220.jpg
400,015974.jpg
400,005073.jpg
354,003672.jpg
402,004418.jpg
354,029246.jpg
393,030301.jpg
472,007904.jpg
320,008253.jpg
354,011361.jpg
357,004576.jpg
71,008210.jpg
468,011581.jpg
280,007867.jpg
413,015992.jpg
74,015399.jpg
92,010978.jpg
348,013826.jpg
353,012393.jpg
394,008664.jpg
468,002801.jpg
348,001800.jpg
478,011381.jpg
472,006574.jpg
76,033824.jpg
47,027904.jpg
451,027661.jpg
76,023015.jpg
295,005312.jpg
284,027085.jpg
94,018694.jpg
15,002458.jpg
348,001739.jpg
77,005373.jpg
45,016179.jpg
79,013062.jpg
469,032014.jpg
291,016038.jpg
77,008914.jpg
473,004135.jpg
79,023536.jpg
320,020837.jpg
351,015781.jpg
413,029942.jpg
15,017619.jpg
441,012682.jpg
402,005967.jpg
323,000652.jpg
473,034463.jpg
350,035599.jpg
465,036709.jpg
9,018956.jpg
62,024517.jpg
351,017115.jpg
293,028968.jpg
348,000926.jpg
464,015575.jpg
348,012282.jpg
19,000659.jpg
361,013420.jpg
80,011772.jpg
321,009743.jpg
271,016737.jpg
326,025045.jpg
471,028146.jpg
470,019457.jpg
357,025012.jpg
352,025481.jpg
394,009930.jpg
12,026387.jpg
354,028037.jpg
354,010018.jpg
70,036081.jpg
409,016855.jpg
475,031022.jpg
402,008187.jpg
465,001159.jpg
14,020071.jpg
348,004421.jpg
242,026591.jpg
83,017145.jpg
352,022508.jpg
32,001788.jpg
272,035400.jpg
17,023879.jpg
352,008575.jpg
352,009388.jpg
63,035587.jpg
358,020650.jpg
472,027159.jpg
359,033968.jpg
359,019876.jpg
356,021602.jpg
272,004423.jpg
461,034257.jpg
413,020224.jpg
472,010371.jpg
402,027524.jpg
430,003579.jpg
40,025332.jpg
295,001938.jpg
91,030776.jpg
451,005171.jpg
465,011607.jpg
328,018360.jpg
356,028804.jpg
355,009732.jpg
70,018879.jpg
400,023003.jpg
348,004780.jpg
469,006175.jpg
413,032840.jpg
266,011320.jpg
19,025129.jpg
357,012795.jpg
15,010782.jpg
77,017374.jpg
471,030078.jpg
355,025009.jpg
94,031134.jpg
358,028508.jpg
280,025886.jpg
400,010311.jpg
282,010688.jpg
297,005023.jpg
461,036646.jpg
358,022241.jpg
359,004981.jpg
465,034918.jpg
350,010062.jpg
399,024391.jpg
44,001801.jpg
400,020106.jpg
475,023123.jpg
71,019921.jpg
77,028184.jpg
470,017050.jpg
295,004651.jpg
352,035325.jpg
14,033216.jpg
94,019853.jpg
470,005108.jpg
358,003554.jpg
352,003822.jpg
359,015737.jpg
476,004354.jpg
276,002252.jpg
464,034975.jpg
91,012825.jpg
19,011735.jpg
282,022366.jpg
472,001264.jpg
74,011326.jpg
393,009490.jpg
350,029857.jpg
335,030137.jpg
12,008383.jpg
282,034762.jpg
354,017928.jpg
92,020176.jpg
413,027905.jpg
413,021553.jpg
272,019980.jpg
76,001359.jpg
357,017037.jpg
291,001360.jpg
95,003894.jpg
284,021199.jpg
356,022306.jpg
13,010418.jpg
350,010214.jpg
351,001465.jpg
400,017198.jpg
91,004569.jpg
79,009134.jpg
295,013260.jpg
83,032605.jpg
441,002959.jpg
472,000929.jpg
476,031596.jpg
419,015049.jpg
352,014118.jpg
358,010943.jpg
64,018929.jpg
351,027403.jpg
400,027858.jpg
356,009317.jpg
463,031677.jpg
71,019938.jpg
45,036919.jpg
44,031078.jpg
470,015077.jpg
472,024722.jpg
358,002124.jpg
71,006964.jpg
14,017672.jpg
45,022502.jpg
295,007765.jpg
421,027534.jpg
462,023162.jpg
335,022467.jpg
357,022204.jpg
49,031744.jpg
358,016013.jpg
92,035245.jpg
419,007795.jpg
348,036062.jpg
13,033655.jpg
402,004189.jpg
74,021648.jpg
295,009866.jpg
348,032656.jpg
400,029691.jpg
465,003045.jpg
297,033546.jpg
15,016787.jpg
441,015861.jpg
5,036741.jpg
352,027681.jpg
242,019470.jpg
394,007440.jpg
272,022131.jpg
49,017790.jpg
272,007939.jpg
361,000206.jpg
400,020517.jpg
13,035088.jpg
472,016268.jpg
350,022258.jpg
91,017250.jpg
274,001729.jpg
9,026175.jpg
353,020777.jpg
464,013095.jpg
356,001698.jpg
357,035676.jpg
348,009871.jpg
353,003450.jpg
352,034024.jpg
348,021386.jpg
476,012493.jpg
473,001547.jpg
357,026015.jpg
280,016476.jpg
354,002852.jpg
430,006969.jpg
354,017046.jpg
474,007740.jpg
359,014611.jpg
465,010195.jpg
352,028082.jpg
351,019321.jpg
477,020201.jpg
62,016802.jpg
462,022660.jpg
399,009218.jpg
352,010086.jpg
470,034130.jpg
13,010047.jpg
92,012984.jpg
477,014161.jpg
359,027004.jpg
348,015419.jpg
421,031711.jpg
17,010666.jpg
357,001211.jpg
352,022341.jpg
358,019592.jpg
19,015971.jpg
10,022666.jpg
451,034993.jpg
402,000742.jpg
63,014200.jpg
271,012003.jpg
326,002290.jpg
335,032603.jpg
49,004445.jpg
472,005255.jpg
19,000893.jpg
361,011110.jpg
402,019540.jpg
472,030362.jpg
351,015471.jpg
430,000569.jpg
348,030453.jpg
356,000376.jpg
463,001152.jpg
357,028285.jpg
451,030549.jpg
327,015173.jpg
460,024041.jpg
394,011344.jpg
471,006604.jpg
351,015180.jpg
271,002619.jpg
400,013562.jpg
42,005053.jpg
352,007178.jpg
413,004872.jpg
48,001550.jpg
394,024388.jpg
348,020266.jpg
358,004734.jpg
471,000552.jpg
467,022576.jpg
327,035292.jpg
357,017132.jpg
348,015995.jpg
46,029427.jpg
461,025844.jpg
351,000832.jpg
40,016600.jpg
272,001790.jpg
476,021658.jpg
348,014114.jpg
472,008076.jpg
402,014953.jpg
361,018534.jpg
354,016747.jpg
354,013908.jpg
44,036159.jpg
354,024101.jpg
462,016420.jpg
272,001240.jpg
297,024094.jpg
351,032298.jpg
286,009844.jpg
470,034782.jpg
32,009119.jpg
470,029015.jpg
470,024826.jpg
272,001452.jpg
320,021651.jpg
325,027373.jpg
430,015517.jpg
324,032791.jpg
271,026927.jpg
358,003247.jpg
465,032723.jpg
351,030063.jpg
272,001662.jpg
474,019312.jpg
402,033358.jpg
393,007720.jpg
76,015136.jpg
76,005167.jpg
468,018617.jpg
71,032430.jpg
359,017869.jpg
335,016567.jpg
475,006853.jpg
471,026014.jpg
357,033805.jpg
355,015576.jpg
400,025220.jpg
77,008263.jpg
441,035578.jpg
44,006216.jpg
474,014798.jpg
353,027998.jpg
75,022638.jpg
70,028257.jpg
9,006584.jpg
14,004640.jpg
467,022864.jpg
327,005235.jpg
90,029480.jpg
