56,022281.jpg,917
56,007127.jpg,917
258,011750.jpg,286
258,027478.jpg,418
270,034818.jpg,68
273,010424.jpg,750
450,014037.jpg,1693
270,025678.jpg,21
273,034678.jpg,1306
273,015377.jpg,750
273,010987.jpg,1340
273,025357.jpg,750
56,009410.jpg,1782
270,004745.jpg,68
273,015210.jpg,674
258,031658.jpg,286
273,035753.jpg,750
56,034735.jpg,1782
270,028837.jpg,21
35,016378.jpg,1088
273,021960.jpg,750
273,012822.jpg,445
258,010025.jpg,286
270,035342.jpg,1283
258,007657.jpg,418
258,027946.jpg,286
35,009181.jpg,1219
258,033078.jpg,1605
273,000339.jpg,750
56,001269.jpg,1232
258,006387.jpg,1605
258,025030.jpg,1605
450,032777.jpg,1693
258,000238.jpg,286
450,013301.jpg,1693
56,015572.jpg,821
450,008083.jpg,235
273,000369.jpg,1306
56,001075.jpg,917
450,033411.jpg,235
450,009564.jpg,1693
273,026243.jpg,1692
273,020207.jpg,322
273,014075.jpg,750
273,013399.jpg,750
270,018965.jpg,68
273,025612.jpg,674
273,031080.jpg,1306
270,030960.jpg,68
273,029824.jpg,1318
258,033648.jpg,1605
270,005065.jpg,1283
56,004384.jpg,870
450,006348.jpg,1693
450,015818.jpg,235
35,001005.jpg,1088
273,036754.jpg,1306
273,002460.jpg,445
273,016329.jpg,750
56,001804.jpg,1232
258,019061.jpg,286
273,025316.jpg,1318
56,000838.jpg,870
273,033759.jpg,674
270,030990.jpg,68
258,012939.jpg,286
273,008154.jpg,459
35,023615.jpg,1219
258,035100.jpg,418
273,010620.jpg,908
273,013348.jpg,1340
273,014057.jpg,1318
56,015246.jpg,870
35,003806.jpg,1219
273,000564.jpg,445
273,004469.jpg,674
56,023924.jpg,1232
273,032911.jpg,1340
273,024587.jpg,1306
258,007476.jpg,418
35,032337.jpg,1219
450,034590.jpg,235
273,013294.jpg,498
258,002174.jpg,1605
273,004870.jpg,908
450,034623.jpg,235
450,028188.jpg,235
270,009468.jpg,68
56,008685.jpg,1232
270,033624.jpg,1283
56,022941.jpg,1232
56,032693.jpg,917
273,018409.jpg,1340
258,032385.jpg,1605
273,015762.jpg,1306
56,004242.jpg,870
258,013620.jpg,286
273,032756.jpg,1692
35,026453.jpg,1360
273,001994.jpg,445
273,023277.jpg,908
56,008141.jpg,870
273,035002.jpg,1318
273,003462.jpg,1318
273,013651.jpg,1306
270,004442.jpg,1283
273,016088.jpg,1340
450,002709.jpg,235
273,005573.jpg,322
273,021533.jpg,1318
273,025020.jpg,674
450,005063.jpg,235
273,004809.jpg,750
450,009148.jpg,1693
258,034443.jpg,286
270,018992.jpg,1283
273,011972.jpg,908
273,033718.jpg,1318
273,033964.jpg,1318
258,035909.jpg,1605
258,033346.jpg,418
56,024851.jpg,917
273,017378.jpg,750
56,013243.jpg,870
273,002270.jpg,674
56,019324.jpg,1232
270,003740.jpg,1283
273,000843.jpg,674
273,029368.jpg,1306
56,003389.jpg,1232
258,002753.jpg,286
273,021439.jpg,908
258,022631.jpg,418
273,003275.jpg,1340
35,021140.jpg,1088
56,022839.jpg,1782
273,004175.jpg,445
273,009067.jpg,1340
56,005620.jpg,870
273,020876.jpg,750
258,013110.jpg,286
56,034635.jpg,1782
273,028295.jpg,1306
258,034974.jpg,286
270,016918.jpg,68
258,023373.jpg,286
273,024585.jpg,498
450,007541.jpg,235
273,012102.jpg,750
56,001261.jpg,917
273,009209.jpg,1306
270,013913.jpg,1283
56,024778.jpg,1232
273,035019.jpg,445
273,001559.jpg,445
258,017423.jpg,286
35,026349.jpg,1360
56,014866.jpg,1782
273,003132.jpg,908
273,014270.jpg,750
56,031009.jpg,917
273,028550.jpg,1306
56,018509.jpg,1232
56,019864.jpg,917
258,029919.jpg,286
273,032877.jpg,322
56,006184.jpg,917
273,009816.jpg,908
273,025787.jpg,1340
273,021002.jpg,1340
450,005667.jpg,235
450,004060.jpg,235
56,034029.jpg,870
270,026363.jpg,68
273,029190.jpg,498
35,028244.jpg,1360
450,000290.jpg,235
450,035191.jpg,235
35,000801.jpg,1219
450,013214.jpg,235
35,006217.jpg,1360
270,000350.jpg,21
270,027088.jpg,68
258,016173.jpg,1605
273,017818.jpg,750
273,006455.jpg,750
273,013946.jpg,908
273,017261.jpg,908
270,001063.jpg,68
273,016988.jpg,750
35,026207.jpg,1360
450,032097.jpg,235
273,020506.jpg,750
273,027507.jpg,1340
258,031610.jpg,1605
258,004925.jpg,286
273,002675.jpg,1692
273,032960.jpg,1306
56,009056.jpg,870
273,024781.jpg,1306
56,024584.jpg,870
273,034306.jpg,750
450,034061.jpg,235
450,031576.jpg,235
273,017308.jpg,445
56,018172.jpg,870
258,013880.jpg,1605
258,031151.jpg,1605
56,022463.jpg,870
273,017295.jpg,1340
273,002039.jpg,750
450,030635.jpg,1693
56,008501.jpg,1232
258,012593.jpg,1605
273,025069.jpg,1306
270,026365.jpg,1283
273,030474.jpg,908
273,014708.jpg,908
270,002150.jpg,68
273,005683.jpg,750
270,027245.jpg,1283
270,016171.jpg,1283
258,017895.jpg,1605
273,019622.jpg,750
258,030809.jpg,286
258,018717.jpg,418
56,016572.jpg,870
35,033933.jpg,1360
273,012613.jpg,674
56,015326.jpg,821
270,035470.jpg,68
270,004328.jpg,21
56,031196.jpg,1232
258,002555.jpg,286
56,013698.jpg,1232
270,031798.jpg,68
270,016233.jpg,68
273,029219.jpg,445
56,026878.jpg,1782
270,030386.jpg,1283
56,007362.jpg,917
56,024438.jpg,870
35,017561.jpg,1360
273,017620.jpg,498
273,004984.jpg,445
56,016872.jpg,917
270,010964.jpg,1283
273,012644.jpg,1318
273,023643.jpg,750
56,034537.jpg,1782
270,014099.jpg,1283
273,024610.jpg,322
450,003237.jpg,235
270,003142.jpg,1283
273,008759.jpg,750
56,006554.jpg,821
450,003637.jpg,1693
273,021764.jpg,674
273,000445.jpg,750
273,021220.jpg,1340
35,035442.jpg,1828
273,008309.jpg,1318
56,025930.jpg,870
450,022318.jpg,1693
56,027511.jpg,1232
258,006929.jpg,1605
273,008229.jpg,750
270,007544.jpg,1283
258,015520.jpg,418
273,012219.jpg,750
56,027465.jpg,917
273,028589.jpg,1340
273,004052.jpg,322
35,031544.jpg,1360
56,016897.jpg,870
35,021828.jpg,1360
56,028084.jpg,917
56,015392.jpg,870
450,013163.jpg,1693
450,005062.jpg,1693
258,010274.jpg,418
273,019722.jpg,750
35,009574.jpg,1360
56,025445.jpg,917
258,025637.jpg,286
56,031263.jpg,1782
273,007883.jpg,445
270,012438.jpg,68
56,001583.jpg,870
258,030792.jpg,1605
258,036286.jpg,286
450,029573.jpg,235
258,006567.jpg,286
258,010584.jpg,1605
273,024588.jpg,674
273,030013.jpg,445
56,006011.jpg,1232
273,029574.jpg,1318
273,010592.jpg,1306
273,033911.jpg,322
56,009898.jpg,917
270,034916.jpg,1283
273,035409.jpg,750
270,022223.jpg,1283
273,033921.jpg,1340
273,000944.jpg,459
258,021244.jpg,1605
273,021374.jpg,1318
450,029072.jpg,235
273,033748.jpg,908
258,024204.jpg,1605
258,005416.jpg,286
273,011903.jpg,1306
56,025208.jpg,870
450,003955.jpg,235
56,006708.jpg,1782
273,023443.jpg,750
273,015251.jpg,674
450,018266.jpg,235
258,023001.jpg,1605
273,008910.jpg,498
56,019210.jpg,870
258,002416.jpg,286
273,021756.jpg,908
273,013790.jpg,1306
273,009958.jpg,1318
450,029233.jpg,1693
56,033035.jpg,870
258,008819.jpg,418
273,021999.jpg,750
56,023635.jpg,1232
273,013233.jpg,1340
56,017417.jpg,1232
270,033895.jpg,68
56,027226.jpg,1232
273,029392.jpg,1318
273,008334.jpg,1306
273,019829.jpg,1306
56,032764.jpg,917
450,001170.jpg,1693
56,019382.jpg,821
273,012262.jpg,674
56,014411.jpg,917
258,008196.jpg,1605
56,011818.jpg,1232
450,004048.jpg,235
56,004316.jpg,870
56,000005.jpg,870
273,024822.jpg,750
450,030012.jpg,1693
273,010272.jpg,750
56,017840.jpg,821
273,024908.jpg,1306
56,017422.jpg,917
450,017793.jpg,1693
273,024132.jpg,1340
450,015322.jpg,235
258,027660.jpg,286
56,021628.jpg,1232
273,002452.jpg,1318
35,031359.jpg,1360
273,032501.jpg,459
270,011174.jpg,1283
273,005993.jpg,445
56,028723.jpg,917
258,031053.jpg,286
273,001246.jpg,459
273,006729.jpg,750
450,000197.jpg,1693
258,024900.jpg,286
273,001982.jpg,1340
273,019537.jpg,1318
273,028744.jpg,908
270,005841.jpg,68
273,001317.jpg,908
56,005480.jpg,917
273,033366.jpg,750
273,020830.jpg,750
270,021940.jpg,1283
258,025582.jpg,1605
35,013314.jpg,1219
450,007977.jpg,1693
273,023673.jpg,1340
56,012953.jpg,870
270,024653.jpg,1283
450,003116.jpg,1693
273,025737.jpg,750
56,008862.jpg,870
56,012020.jpg,917
56,031737.jpg,917
56,004786.jpg,870
270,005366.jpg,21
273,011384.jpg,459
270,004428.jpg,1283
56,028874.jpg,1782
450,032689.jpg,235
270,035990.jpg,68
273,014301.jpg,908
273,005244.jpg,1340
273,029083.jpg,908
258,024058.jpg,286
56,022922.jpg,870
258,030277.jpg,286
273,011208.jpg,908
