70,010058.jpg
470,026743.jpg
465,007631.jpg
92,025854.jpg
63,003427.jpg
409,031831.jpg
358,011896.jpg
350,013927.jpg
13,033119.jpg
322,012671.jpg
348,016779.jpg
75,028255.jpg
70,023825.jpg
461,032621.jpg
461,003630.jpg
49,018768.jpg
328,036559.jpg
357,017257.jpg
266,024100.jpg
354,007689.jpg
475,000479.jpg
71,030554.jpg
335,028983.jpg
352,004002.jpg
358,001098.jpg
9,006584.jpg
359,027877.jpg
430,032848.jpg
293,033352.jpg
470,036689.jpg
461,027452.jpg
356,002530.jpg
474,033594.jpg
325,000011.jpg
357,025507.jpg
348,006430.jpg
353,006769.jpg
90,013702.jpg
266,026037.jpg
400,003647.jpg
421,022514.jpg
473,004721.jpg
470,029859.jpg
467,007902.jpg
466,035980.jpg
75,024143.jpg
351,032407.jpg
351,015752.jpg
477,014161.jpg
46,022155.jpg
402,019663.jpg
352,004729.jpg
40,024866.jpg
470,000067.jpg
358,032465.jpg
402,015147.jpg
284,011857.jpg
390,005540.jpg
348,030344.jpg
92,021885.jpg
357,018173.jpg
465,021928.jpg
75,030476.jpg
474,036580.jpg
293,028534.jpg
272,006449.jpg
291,027990.jpg
474,002622.jpg
474,020991.jpg
327,035792.jpg
17,032981.jpg
409,007948.jpg
409,010299.jpg
469,035219.jpg
351,009359.jpg
351,029975.jpg
430,003042.jpg
352,006433.jpg
320,031787.jpg
354,036065.jpg
470,030427.jpg
470,029407.jpg
399,013134.jpg
90,002952.jpg
272,010130.jpg
476,028666.jpg
272,027651.jpg
327,015512.jpg
355,026050.jpg
470,004639.jpg
351,018153.jpg
358,036566.jpg
278,032398.jpg
13,009165.jpg
351,036477.jpg
409,033739.jpg
17,002146.jpg
348,036234.jpg
421,015794.jpg
348,029436.jpg
471,018990.jpg
470,019992.jpg
15,013245.jpg
478,004732.jpg
271,019767.jpg
295,009289.jpg
242,033614.jpg
468,002992.jpg
348,018640.jpg
77,030229.jpg
348,004736.jpg
361,023595.jpg
357,021452.jpg
271,005880.jpg
358,027097.jpg
355,009732.jpg
324,034677.jpg
356,018451.jpg
477,004458.jpg
93,035880.jpg
471,026768.jpg
399,029911.jpg
352,003791.jpg
42,008977.jpg
275,002732.jpg
348,035862.jpg
353,028412.jpg
90,006210.jpg
472,018514.jpg
472,025513.jpg
451,004454.jpg
351,036380.jpg
354,001265.jpg
79,020299.jpg
409,003692.jpg
409,007673.jpg
472,014688.jpg
390,015157.jpg
348,001800.jpg
402,002953.jpg
94,033446.jpg
272,027270.jpg
32,001987.jpg
40,015368.jpg
46,014897.jpg
272,033887.jpg
325,030904.jpg
354,006067.jpg
335,036183.jpg
352,020629.jpg
461,036061.jpg
354,029539.jpg
13,020014.jpg
475,016917.jpg
462,011116.jpg
92,010891.jpg
472,007904.jpg
352,012661.jpg
476,008278.jpg
357,019341.jpg
44,035202.jpg
44,012175.jpg
400,018093.jpg
348,014594.jpg
477,022479.jpg
471,027861.jpg
441,011121.jpg
470,013403.jpg
90,023291.jpg
40,002987.jpg
419,027776.jpg
92,025600.jpg
71,032271.jpg
91,013009.jpg
15,031159.jpg
476,008351.jpg
461,018553.jpg
474,005720.jpg
468,026767.jpg
46,023386.jpg
399,007630.jpg
402,030399.jpg
430,007136.jpg
32,000527.jpg
5,033000.jpg
400,011691.jpg
326,027501.jpg
359,022914.jpg
14,027992.jpg
359,002644.jpg
77,031896.jpg
358,031429.jpg
70,016637.jpg
286,022882.jpg
476,007446.jpg
293,010650.jpg
464,022352.jpg
272,025520.jpg
352,020402.jpg
15,017619.jpg
441,017080.jpg
46,029405.jpg
404,016691.jpg
92,035830.jpg
460,023379.jpg
400,030644.jpg
348,018434.jpg
461,030865.jpg
470,029015.jpg
357,005664.jpg
400,022505.jpg
471,027984.jpg
354,023773.jpg
335,023033.jpg
271,017961.jpg
278,017521.jpg
274,036352.jpg
469,031002.jpg
358,005061.jpg
32,030660.jpg
462,007069.jpg
352,024102.jpg
275,015712.jpg
475,000468.jpg
402,008143.jpg
325,026302.jpg
352,007704.jpg
461,020435.jpg
357,008952.jpg
472,002626.jpg
95,021016.jpg
357,016684.jpg
351,035136.jpg
282,019467.jpg
242,005801.jpg
355,003929.jpg
297,018062.jpg
74,031686.jpg
471,003586.jpg
359,015737.jpg
92,015295.jpg
353,019461.jpg
357,018191.jpg
354,015413.jpg
74,014943.jpg
473,035954.jpg
49,025170.jpg
271,035755.jpg
402,033417.jpg
476,009391.jpg
92,006513.jpg
44,024556.jpg
354,008669.jpg
40,022400.jpg
359,000149.jpg
472,005804.jpg
358,013215.jpg
9,015227.jpg
10,020211.jpg
441,002959.jpg
19,017569.jpg
358,016665.jpg
441,002463.jpg
354,022084.jpg
464,028630.jpg
400,034740.jpg
430,020383.jpg
291,003690.jpg
49,002611.jpg
77,002300.jpg
91,017363.jpg
19,026614.jpg
13,019930.jpg
45,019895.jpg
48,019989.jpg
400,007616.jpg
477,000653.jpg
75,015656.jpg
325,005316.jpg
63,036458.jpg
351,025280.jpg
357,034461.jpg
470,019311.jpg
352,026102.jpg
472,024722.jpg
348,014114.jpg
351,014671.jpg
295,002597.jpg
350,004722.jpg
19,008880.jpg
44,004644.jpg
413,029142.jpg
79,022661.jpg
359,028163.jpg
297,001236.jpg
413,036508.jpg
352,013693.jpg
358,033182.jpg
468,028335.jpg
348,028332.jpg
74,000007.jpg
413,032921.jpg
49,000484.jpg
400,010825.jpg
354,028191.jpg
9,030625.jpg
275,027261.jpg
295,006273.jpg
324,019499.jpg
32,003433.jpg
348,012689.jpg
323,000652.jpg
79,024955.jpg
14,001271.jpg
421,004572.jpg
470,017312.jpg
471,024756.jpg
91,036765.jpg
93,013186.jpg
71,016099.jpg
42,008960.jpg
10,006950.jpg
71,027130.jpg
471,031247.jpg
49,019305.jpg
40,002016.jpg
358,030852.jpg
402,026388.jpg
358,004618.jpg
467,023007.jpg
354,016376.jpg
477,036558.jpg
472,019856.jpg
477,000121.jpg
404,036605.jpg
17,031323.jpg
327,017439.jpg
409,034524.jpg
465,009240.jpg
352,000530.jpg
348,030646.jpg
32,014080.jpg
461,032655.jpg
404,008277.jpg
49,006099.jpg
321,014649.jpg
359,014804.jpg
62,009756.jpg
351,008326.jpg
19,028169.jpg
354,014655.jpg
430,027632.jpg
47,019062.jpg
476,014504.jpg
419,010890.jpg
419,034817.jpg
351,001486.jpg
472,016268.jpg
71,001574.jpg
359,022513.jpg
358,016553.jpg
430,003406.jpg
295,020609.jpg
70,012483.jpg
357,002700.jpg
5,024051.jpg
358,014884.jpg
476,026007.jpg
475,015449.jpg
355,002543.jpg
291,020185.jpg
266,004837.jpg
476,025556.jpg
357,012029.jpg
358,017437.jpg
464,002280.jpg
471,035261.jpg
348,000177.jpg
361,009026.jpg
474,022418.jpg
468,004434.jpg
359,016833.jpg
45,012229.jpg
90,000200.jpg
465,014606.jpg
77,005373.jpg
335,034253.jpg
402,022356.jpg
399,030052.jpg
465,032279.jpg
40,006344.jpg
409,010748.jpg
79,036412.jpg
282,004110.jpg
80,028027.jpg
354,032373.jpg
70,000778.jpg
271,009159.jpg
359,002839.jpg
77,024218.jpg
359,010422.jpg
421,027795.jpg
470,034382.jpg
351,011178.jpg
462,026859.jpg
320,009055.jpg
327,036608.jpg
469,018113.jpg
19,000893.jpg
47,026561.jpg
46,022607.jpg
80,026979.jpg
413,014918.jpg
19,017053.jpg
353,017499.jpg
361,022664.jpg
63,022822.jpg
76,034472.jpg
402,007887.jpg
476,006313.jpg
402,030044.jpg
94,026886.jpg
419,028733.jpg
465,036254.jpg
357,006249.jpg
430,017441.jpg
276,035375.jpg
351,022298.jpg
356,022806.jpg
475,008996.jpg
390,013536.jpg
274,033544.jpg
295,013260.jpg
475,023123.jpg
361,015206.jpg
321,032093.jpg
335,026216.jpg
81,035750.jpg
361,011790.jpg
413,021094.jpg
1,000724.jpg
471,024627.jpg
351,026166.jpg
358,010099.jpg
92,026544.jpg
470,029160.jpg
354,031618.jpg
320,024418.jpg
470,014997.jpg
40,031015.jpg
358,013257.jpg
468,029941.jpg
473,029412.jpg
74,020073.jpg
461,008852.jpg
356,014713.jpg
293,034794.jpg
40,028043.jpg
348,018205.jpg
464,034975.jpg
470,033732.jpg
460,014113.jpg
358,006870.jpg
400,032978.jpg
358,034585.jpg
421,036733.jpg
32,007045.jpg
74,034052.jpg
79,022557.jpg
45,008289.jpg
90,003129.jpg
32,012154.jpg
9,023897.jpg
297,002189.jpg
473,008200.jpg
402,022030.jpg
470,007884.jpg
91,030776.jpg
357,034801.jpg
74,016893.jpg
409,014426.jpg
404,028083.jpg
348,014081.jpg
12,008383.jpg
74,020019.jpg
461,020535.jpg
80,010582.jpg
352,013016.jpg
441,003608.jpg
32,017611.jpg
77,031280.jpg
466,005695.jpg
15,009691.jpg
359,007985.jpg
359,003186.jpg
278,036855.jpg
354,006669.jpg
419,000598.jpg
350,026893.jpg
352,024095.jpg
