1,000019.jpg,0
1,015186.jpg,0
1,029734.jpg,0
1,000029.jpg,1
1,008851.jpg,1
1,022027.jpg,1
1,000034.jpg,2
1,000582.jpg,2
1,021087.jpg,2
1,000050.jpg,3
1,015805.jpg,3
1,007418.jpg,3
1,000056.jpg,4
1,010323.jpg,4
1,010385.jpg,4
1,000061.jpg,5
1,003621.jpg,5
1,020744.jpg,5
1,000084.jpg,6
1,018074.jpg,6
1,034116.jpg,6
1,000085.jpg,7
1,001305.jpg,7
1,026780.jpg,7
1,000145.jpg,8
1,014956.jpg,8
1,020553.jpg,8
1,000159.jpg,9
1,004863.jpg,9
1,015788.jpg,9
1,000181.jpg,10
1,002178.jpg,10
1,011586.jpg,10
1,000193.jpg,11
1,031616.jpg,11
1,018775.jpg,11
1,000210.jpg,12
1,030231.jpg,12
1,024801.jpg,12
1,000212.jpg,13
1,023878.jpg,13
1,016995.jpg,13
1,000218.jpg,14
1,022634.jpg,14
1,030987.jpg,14
1,000219.jpg,15
1,028664.jpg,15
1,009960.jpg,15
1,000261.jpg,16
1,007297.jpg,16
1,032852.jpg,16
1,000282.jpg,17
1,004311.jpg,17
1,035062.jpg,17
1,000299.jpg,18
1,010345.jpg,18
1,012205.jpg,18
1,000307.jpg,19
1,000330.jpg,19
1,015400.jpg,19
1,000332.jpg,20
1,023106.jpg,20
1,003695.jpg,20
1,000350.jpg,21
1,025678.jpg,21
1,005366.jpg,21
1,000362.jpg,22
1,002864.jpg,22
1,008928.jpg,22
1,000365.jpg,23
1,012798.jpg,23
1,029393.jpg,23
1,000401.jpg,24
1,020663.jpg,24
1,001609.jpg,24
1,000407.jpg,25
1,012445.jpg,25
1,031981.jpg,25
1,000431.jpg,26
1,034236.jpg,26
1,008189.jpg,26
1,000452.jpg,27
1,022338.jpg,27
1,022338.jpg,27
1,000461.jpg,28
1,007138.jpg,28
1,027698.jpg,28
1,000483.jpg,29
1,023047.jpg,29
1,017734.jpg,29
1,000503.jpg,30
1,010240.jpg,30
1,018687.jpg,30
1,000554.jpg,31
1,012713.jpg,31
1,033040.jpg,31
1,000571.jpg,32
1,017391.jpg,32
1,017154.jpg,32
1,000600.jpg,33
1,031944.jpg,33
1,029156.jpg,33
1,000601.jpg,34
1,020623.jpg,34
1,029728.jpg,34
1,000605.jpg,35
1,018824.jpg,35
1,004094.jpg,35
1,000615.jpg,36
1,027267.jpg,36
1,018188.jpg,36
1,000674.jpg,37
1,020082.jpg,37
1,030898.jpg,37
1,000675.jpg,38
1,009452.jpg,38
1,026276.jpg,38
1,000693.jpg,39
1,013640.jpg,39
1,010499.jpg,39
1,000723.jpg,40
1,014714.jpg,40
1,013080.jpg,40
1,000733.jpg,41
1,030876.jpg,41
1,010527.jpg,41
1,000746.jpg,42
1,021273.jpg,42
1,003048.jpg,42
1,000759.jpg,43
1,036930.jpg,43
1,000627.jpg,43
1,000784.jpg,44
1,017519.jpg,44
1,030504.jpg,44
1,000792.jpg,45
1,034153.jpg,45
1,012975.jpg,45
1,000798.jpg,46
1,036437.jpg,46
1,029459.jpg,46
1,000818.jpg,47
1,036518.jpg,47
1,014985.jpg,47
1,000819.jpg,48
1,013524.jpg,48
1,005488.jpg,48
1,000820.jpg,49
1,017917.jpg,49
1,022198.jpg,49
1,000824.jpg,50
1,013986.jpg,50
1,030566.jpg,50
1,000834.jpg,51
1,010822.jpg,51
1,016151.jpg,51
1,000893.jpg,52
1,016213.jpg,52
1,026891.jpg,52
1,000911.jpg,53
1,028195.jpg,53
1,028903.jpg,53
1,000914.jpg,54
1,011589.jpg,54
1,002686.jpg,54
1,000919.jpg,55
1,027114.jpg,55
1,002861.jpg,55
1,000920.jpg,56
1,035921.jpg,56
1,021699.jpg,56
1,000932.jpg,57
1,016464.jpg,57
1,026111.jpg,57
1,000939.jpg,58
1,036159.jpg,58
1,034568.jpg,58
1,000946.jpg,59
1,021942.jpg,59
1,011782.jpg,59
1,000947.jpg,60
1,008903.jpg,60
1,025660.jpg,60
1,000958.jpg,61
1,000203.jpg,61
1,024480.jpg,61
1,000961.jpg,62
1,014599.jpg,62
1,013764.jpg,62
1,000965.jpg,63
1,014803.jpg,63
1,023412.jpg,63
1,000983.jpg,64
1,013539.jpg,64
1,022951.jpg,64
1,001004.jpg,65
1,025142.jpg,65
1,028675.jpg,65
1,001018.jpg,66
1,013414.jpg,66
1,014464.jpg,66
1,001054.jpg,67
1,011404.jpg,67
1,017503.jpg,67
1,001063.jpg,68
1,033895.jpg,68
1,002150.jpg,68
1,001108.jpg,69
1,002051.jpg,69
1,003384.jpg,69
1,001161.jpg,70
1,023257.jpg,70
1,023347.jpg,70
1,001176.jpg,71
1,010310.jpg,71
1,019925.jpg,71
1,001190.jpg,72
1,025782.jpg,72
1,018227.jpg,72
1,001215.jpg,73
1,032505.jpg,73
1,034366.jpg,73
1,001225.jpg,74
1,008840.jpg,74
1,023778.jpg,74
1,001238.jpg,75
1,006820.jpg,75
1,008211.jpg,75
1,001284.jpg,76
1,031960.jpg,76
1,027212.jpg,76
1,001286.jpg,77
1,002915.jpg,77
1,001871.jpg,77
1,001324.jpg,78
1,003398.jpg,78
1,015624.jpg,78
1,001327.jpg,79
1,019930.jpg,79
1,013540.jpg,79
1,001328.jpg,80
1,001539.jpg,80
1,019400.jpg,80
1,001329.jpg,81
1,025604.jpg,81
1,012843.jpg,81
1,001331.jpg,82
1,020928.jpg,82
1,033534.jpg,82
1,001332.jpg,83
1,029330.jpg,83
1,014629.jpg,83
1,001418.jpg,84
1,022722.jpg,84
1,001701.jpg,84
1,001490.jpg,85
1,036197.jpg,85
1,033616.jpg,85
1,001502.jpg,86
1,029192.jpg,86
1,021541.jpg,86
1,001503.jpg,87
1,020769.jpg,87
1,003497.jpg,87
1,001534.jpg,88
1,011429.jpg,88
1,003304.jpg,88
1,001558.jpg,89
1,024661.jpg,89
1,028201.jpg,89
1,001597.jpg,90
1,013731.jpg,90
1,021627.jpg,90
1,001600.jpg,91
1,013249.jpg,91
1,019910.jpg,91
1,001606.jpg,92
1,016013.jpg,92
1,012402.jpg,92
1,001686.jpg,93
1,008968.jpg,93
1,000040.jpg,93
1,001689.jpg,94
1,018071.jpg,94
1,028232.jpg,94
1,001697.jpg,95
1,001536.jpg,95
1,031397.jpg,95
1,001750.jpg,96
1,001786.jpg,96
1,002538.jpg,96
1,001761.jpg,97
1,002320.jpg,97
1,014618.jpg,97
1,001762.jpg,98
1,013814.jpg,98
1,028790.jpg,98
1,001771.jpg,99
1,009166.jpg,99
1,022851.jpg,99
1,001772.jpg,100
1,026348.jpg,100
1,031650.jpg,100
1,001776.jpg,101
1,021296.jpg,101
1,027787.jpg,101
1,001788.jpg,102
1,006302.jpg,102
1,025297.jpg,102
1,001822.jpg,103
1,028753.jpg,103
1,018276.jpg,103
1,001830.jpg,104
1,036082.jpg,104
1,021471.jpg,104
1,001868.jpg,105
1,024599.jpg,105
1,006166.jpg,105
1,001874.jpg,106
1,004293.jpg,106
1,029692.jpg,106
1,001895.jpg,107
1,030158.jpg,107
1,016192.jpg,107
1,001909.jpg,108
1,032808.jpg,108
1,002972.jpg,108
1,001936.jpg,109
1,005296.jpg,109
1,018685.jpg,109
1,001937.jpg,110
1,007836.jpg,110
1,035664.jpg,110
1,001942.jpg,111
1,013770.jpg,111
1,035828.jpg,111
1,001952.jpg,112
1,017179.jpg,112
1,006737.jpg,112
1,001954.jpg,113
1,003415.jpg,113
1,036665.jpg,113
1,001964.jpg,114
1,016888.jpg,114
1,010522.jpg,114
1,002028.jpg,115
1,010022.jpg,115
1,030403.jpg,115
1,002042.jpg,116
1,023071.jpg,116
1,001752.jpg,116
1,002043.jpg,117
1,023582.jpg,117
1,031646.jpg,117
1,002046.jpg,118
1,030291.jpg,118
1,030072.jpg,118
1,002050.jpg,119
1,007408.jpg,119
1,030756.jpg,119
1,002077.jpg,120
1,004444.jpg,120
1,013628.jpg,120
1,002102.jpg,121
1,031745.jpg,121
1,005100.jpg,121
1,002107.jpg,122
1,036108.jpg,122
1,008664.jpg,122
1,002115.jpg,123
1,033936.jpg,123
1,028120.jpg,123
1,002118.jpg,124
1,026538.jpg,124
1,007401.jpg,124
1,002135.jpg,125
1,023478.jpg,125
1,035836.jpg,125
1,002155.jpg,126
1,003578.jpg,126
1,016338.jpg,126
1,002211.jpg,127
1,028518.jpg,127
1,004247.jpg,127
1,002214.jpg,128
1,027386.jpg,128
1,027625.jpg,128
1,002227.jpg,129
1,018135.jpg,129
1,012414.jpg,129
1,002243.jpg,130
1,022305.jpg,130
1,010214.jpg,130
1,002252.jpg,131
1,013358.jpg,131
1,020327.jpg,131
1,002253.jpg,132
1,004754.jpg,132
1,012552.jpg,132
1,002266.jpg,133
1,023950.jpg,133
1,023977.jpg,133
1,002273.jpg,134
1,008920.jpg,134
1,018881.jpg,134
1,002287.jpg,135
1,032413.jpg,135
1,015943.jpg,135
1,002293.jpg,136
1,016547.jpg,136
1,024127.jpg,136
1,002313.jpg,137
1,019156.jpg,137
1,008838.jpg,137
1,002342.jpg,138
1,031309.jpg,138
1,011072.jpg,138
1,002356.jpg,139
1,017783.jpg,139
1,030801.jpg,139
1,002389.jpg,140
1,032667.jpg,140
1,022291.jpg,140
1,002449.jpg,141
1,005894.jpg,141
1,011005.jpg,141
1,002468.jpg,142
1,007582.jpg,142
1,003890.jpg,142
1,002490.jpg,143
1,017688.jpg,143
1,020033.jpg,143
1,002516.jpg,144
1,009762.jpg,144
1,020048.jpg,144
1,002532.jpg,145
1,034870.jpg,145
1,036396.jpg,145
1,002534.jpg,146
1,023571.jpg,146
1,028395.jpg,146
1,002568.jpg,147
1,023564.jpg,147
1,012083.jpg,147
1,002571.jpg,148
1,016227.jpg,148
1,004356.jpg,148
1,002582.jpg,149
1,004944.jpg,149
1,009078.jpg,149
1,002601.jpg,150
1,036481.jpg,150
1,032919.jpg,150
1,002605.jpg,151
1,029165.jpg,151
1,021430.jpg,151
1,002606.jpg,152
1,006660.jpg,152
1,022386.jpg,152
1,002631.jpg,153
1,032890.jpg,153
1,019037.jpg,153
1,002651.jpg,154
1,000890.jpg,154
1,031700.jpg,154
1,002654.jpg,155
1,006854.jpg,155
1,034334.jpg,155
1,002659.jpg,156
1,034091.jpg,156
1,006150.jpg,156
1,002676.jpg,157
1,019706.jpg,157
1,012317.jpg,157
1,002677.jpg,158
1,022152.jpg,158
1,022611.jpg,158
1,002722.jpg,159
1,033434.jpg,159
1,026446.jpg,159
1,002732.jpg,160
1,021463.jpg,160
1,017764.jpg,160
1,002735.jpg,161
1,011455.jpg,161
1,023941.jpg,161
1,002754.jpg,162
1,002935.jpg,162
1,017870.jpg,162
1,002767.jpg,163
1,009828.jpg,163
1,027956.jpg,163
1,002780.jpg,164
1,014503.jpg,164
1,000970.jpg,164
1,002806.jpg,165
1,030618.jpg,165
1,006861.jpg,165
1,002812.jpg,166
1,019600.jpg,166
1,025813.jpg,166
1,002844.jpg,167
1,035167.jpg,167
1,026576.jpg,167
1,002872.jpg,168
1,006197.jpg,168
1,014012.jpg,168
1,002889.jpg,169
1,022071.jpg,169
1,026471.jpg,169
1,002930.jpg,170
1,008137.jpg,170
1,028441.jpg,170
1,002936.jpg,171
1,002769.jpg,171
1,014545.jpg,171
1,002969.jpg,172
1,005810.jpg,172
1,005115.jpg,172
1,002970.jpg,173
1,003313.jpg,173
1,029957.jpg,173
1,002989.jpg,174
1,031528.jpg,174
1,013544.jpg,174
1,002994.jpg,175
1,009890.jpg,175
1,007980.jpg,175
1,003027.jpg,176
1,022958.jpg,176
1,023150.jpg,176
1,003039.jpg,177
1,025361.jpg,177
1,028454.jpg,177
1,003055.jpg,178
1,020028.jpg,178
1,032035.jpg,178
1,003069.jpg,179
1,020995.jpg,179
1,032139.jpg,179
1,003075.jpg,180
1,014971.jpg,180
1,036796.jpg,180
1,003095.jpg,181
1,004519.jpg,181
1,005069.jpg,181
1,003099.jpg,182
1,030108.jpg,182
1,009790.jpg,182
1,003111.jpg,183
1,032545.jpg,183
1,022658.jpg,183
1,003115.jpg,184
1,015583.jpg,184
1,030982.jpg,184
1,003118.jpg,185
1,020507.jpg,185
1,008183.jpg,185
1,003135.jpg,186
1,032364.jpg,186
1,010691.jpg,186
1,003150.jpg,187
1,004143.jpg,187
1,034102.jpg,187
1,003177.jpg,188
1,027938.jpg,188
1,017182.jpg,188
1,003180.jpg,189
1,020610.jpg,189
1,036379.jpg,189
1,003186.jpg,190
1,009004.jpg,190
1,031152.jpg,190
1,003198.jpg,191
1,026734.jpg,191
1,007168.jpg,191
1,003223.jpg,192
1,023110.jpg,192
1,036592.jpg,192
1,003236.jpg,193
1,023529.jpg,193
1,018144.jpg,193
1,003243.jpg,194
1,035206.jpg,194
1,000609.jpg,194
1,003252.jpg,195
1,031389.jpg,195
1,023399.jpg,195
1,003253.jpg,196
1,012381.jpg,196
1,012217.jpg,196
1,003273.jpg,197
1,010714.jpg,197
1,002898.jpg,197
1,003326.jpg,198
1,011772.jpg,198
1,030948.jpg,198
1,003330.jpg,199
1,032431.jpg,199
1,005076.jpg,199
1,003342.jpg,200
1,031428.jpg,200
1,007938.jpg,200
1,003364.jpg,201
1,035700.jpg,201
1,019794.jpg,201
1,003399.jpg,202
1,004421.jpg,202
1,008713.jpg,202
1,003401.jpg,203
1,030981.jpg,203
1,001342.jpg,203
1,003403.jpg,204
1,009900.jpg,204
1,009818.jpg,204
1,003427.jpg,205
1,014462.jpg,205
1,017742.jpg,205
1,003450.jpg,206
1,016882.jpg,206
1,018158.jpg,206
1,003515.jpg,207
1,021294.jpg,207
1,011707.jpg,207
1,003523.jpg,208
1,014799.jpg,208
1,025327.jpg,208
1,003535.jpg,209
1,021353.jpg,209
1,030885.jpg,209
1,003545.jpg,210
1,017348.jpg,210
1,032405.jpg,210
1,003551.jpg,211
1,030161.jpg,211
1,009360.jpg,211
1,003557.jpg,212
1,027199.jpg,212
1,034706.jpg,212
1,003582.jpg,213
1,020101.jpg,213
1,001602.jpg,213
1,003586.jpg,214
1,033249.jpg,214
1,000552.jpg,214
1,003590.jpg,215
1,027159.jpg,215
1,026501.jpg,215
1,003630.jpg,216
1,003011.jpg,216
1,020435.jpg,216
1,003638.jpg,217
1,009584.jpg,217
1,033413.jpg,217
1,003642.jpg,218
1,008302.jpg,218
1,005120.jpg,218
1,003647.jpg,219
1,000807.jpg,219
1,022312.jpg,219
1,003715.jpg,220
1,023934.jpg,220
1,012709.jpg,220
1,003720.jpg,221
1,036268.jpg,221
1,020606.jpg,221
1,003745.jpg,222
1,005832.jpg,222
1,030409.jpg,222
1,003760.jpg,223
1,001034.jpg,223
1,003772.jpg,223
1,003771.jpg,224
1,032647.jpg,224
1,008172.jpg,224
1,003809.jpg,225
1,013170.jpg,225
1,024536.jpg,225
1,003872.jpg,226
1,016210.jpg,226
1,022686.jpg,226
1,003883.jpg,227
1,009325.jpg,227
1,012526.jpg,227
1,003944.jpg,228
1,017194.jpg,228
1,025803.jpg,228
1,003961.jpg,229
1,027729.jpg,229
1,019415.jpg,229
1,003982.jpg,230
1,034863.jpg,230
1,005399.jpg,230
1,003992.jpg,231
1,031931.jpg,231
1,006464.jpg,231
1,004003.jpg,232
1,015873.jpg,232
1,019022.jpg,232
1,004006.jpg,233
1,003333.jpg,233
1,013644.jpg,233
1,004042.jpg,234
1,000669.jpg,234
1,024160.jpg,234
1,004048.jpg,235
1,004060.jpg,235
1,008083.jpg,235
1,004049.jpg,236
1,033280.jpg,236
1,000432.jpg,236
1,004088.jpg,237
1,032247.jpg,237
1,020669.jpg,237
1,004122.jpg,238
1,024613.jpg,238
1,009699.jpg,238
1,004131.jpg,239
1,032461.jpg,239
1,020463.jpg,239
1,004132.jpg,240
1,014529.jpg,240
1,010898.jpg,240
1,004141.jpg,241
1,019381.jpg,241
1,024277.jpg,241
1,004157.jpg,242
1,020389.jpg,242
1,027179.jpg,242
1,004162.jpg,243
1,024112.jpg,243
1,017728.jpg,243
1,004167.jpg,244
1,016856.jpg,244
1,022015.jpg,244
1,004174.jpg,245
1,018287.jpg,245
1,011216.jpg,245
1,004188.jpg,246
1,030589.jpg,246
1,014518.jpg,246
1,004231.jpg,247
1,017301.jpg,247
1,017300.jpg,247
1,004233.jpg,248
1,036428.jpg,248
1,016392.jpg,248
1,004239.jpg,249
1,033520.jpg,249
1,029355.jpg,249
1,004241.jpg,250
1,007724.jpg,250
1,030106.jpg,250
1,004261.jpg,251
1,016021.jpg,251
1,025078.jpg,251
1,004271.jpg,252
1,027133.jpg,252
1,001777.jpg,252
1,004290.jpg,253
1,010338.jpg,253
1,009114.jpg,253
1,004304.jpg,254
1,011874.jpg,254
1,032207.jpg,254
1,004340.jpg,255
1,003250.jpg,255
1,009751.jpg,255
1,004341.jpg,256
1,004251.jpg,256
1,034873.jpg,256
1,004357.jpg,257
1,028801.jpg,257
1,004907.jpg,257
1,004372.jpg,258
1,018613.jpg,258
1,024951.jpg,258
1,004403.jpg,259
1,005183.jpg,259
1,033771.jpg,259
1,004410.jpg,260
1,030137.jpg,260
1,036104.jpg,260
1,004427.jpg,261
1,006606.jpg,261
1,028058.jpg,261
1,004432.jpg,262
1,012114.jpg,262
1,034650.jpg,262
1,004446.jpg,263
1,009802.jpg,263
1,030028.jpg,263
1,004448.jpg,264
1,012573.jpg,264
1,028973.jpg,264
1,004456.jpg,265
1,010174.jpg,265
1,018610.jpg,265
1,004466.jpg,266
1,031569.jpg,266
1,017228.jpg,266
1,004467.jpg,267
1,021750.jpg,267
1,007197.jpg,267
1,004468.jpg,268
1,021443.jpg,268
1,005635.jpg,268
1,004503.jpg,269
1,014690.jpg,269
1,002524.jpg,269
1,004506.jpg,270
1,003689.jpg,270
1,034839.jpg,270
1,004508.jpg,271
1,002038.jpg,271
1,011269.jpg,271
1,004547.jpg,272
1,022605.jpg,272
1,021422.jpg,272
1,004599.jpg,273
1,008546.jpg,273
1,018020.jpg,273
1,004655.jpg,274
1,023528.jpg,274
1,033312.jpg,274
1,004661.jpg,275
1,007644.jpg,275
1,000010.jpg,275
1,004669.jpg,276
1,015461.jpg,276
1,017314.jpg,276
1,004691.jpg,277
1,026093.jpg,277
1,014504.jpg,277
1,004732.jpg,278
1,009837.jpg,278
1,028921.jpg,278
1,004768.jpg,279
1,009438.jpg,279
1,032878.jpg,279
1,004804.jpg,280
1,018584.jpg,280
1,006799.jpg,280
1,004814.jpg,281
1,015124.jpg,281
1,028458.jpg,281
1,004827.jpg,282
1,031222.jpg,282
1,015811.jpg,282
1,004838.jpg,283
1,012001.jpg,283
1,009112.jpg,283
1,004867.jpg,284
1,036869.jpg,284
1,002558.jpg,284
1,004901.jpg,285
1,003377.jpg,285
1,000176.jpg,285
1,004925.jpg,286
1,034443.jpg,286
1,024900.jpg,286
1,004941.jpg,287
1,008639.jpg,287
1,001621.jpg,287
1,004948.jpg,288
1,004874.jpg,288
1,033822.jpg,288
1,004963.jpg,289
1,001213.jpg,289
1,000202.jpg,289
1,004966.jpg,290
1,005418.jpg,290
1,031878.jpg,290
1,004975.jpg,291
1,017116.jpg,291
1,003397.jpg,291
1,004996.jpg,292
1,010015.jpg,292
1,010652.jpg,292
1,004998.jpg,293
1,020472.jpg,293
1,025358.jpg,293
1,005001.jpg,294
1,007020.jpg,294
1,032238.jpg,294
1,005012.jpg,295
1,032574.jpg,295
1,000292.jpg,295
1,005024.jpg,296
1,005415.jpg,296
1,001759.jpg,296
1,005046.jpg,297
1,035562.jpg,297
1,036559.jpg,297
1,005047.jpg,298
1,008342.jpg,298
1,001526.jpg,298
1,005091.jpg,299
1,029823.jpg,299
1,022649.jpg,299
1,005148.jpg,300
1,000973.jpg,300
1,022739.jpg,300
1,005158.jpg,301
1,019682.jpg,301
1,022025.jpg,301
1,005160.jpg,302
1,006761.jpg,302
1,023134.jpg,302
1,005176.jpg,303
1,027031.jpg,303
1,025861.jpg,303
1,005187.jpg,304
1,001135.jpg,304
1,025926.jpg,304
1,005249.jpg,305
1,001845.jpg,305
1,021482.jpg,305
1,005253.jpg,306
1,025189.jpg,306
1,035583.jpg,306
1,005258.jpg,307
1,030208.jpg,307
1,014145.jpg,307
1,005263.jpg,308
1,022532.jpg,308
1,022731.jpg,308
1,005297.jpg,309
1,029958.jpg,309
1,008976.jpg,309
1,005313.jpg,310
1,034277.jpg,310
1,034579.jpg,310
1,005358.jpg,311
1,012033.jpg,311
1,000960.jpg,311
1,005375.jpg,312
1,013494.jpg,312
1,015859.jpg,312
1,005377.jpg,313
1,014742.jpg,313
1,022165.jpg,313
1,005384.jpg,314
1,019444.jpg,314
1,030484.jpg,314
1,005393.jpg,315
1,025251.jpg,315
1,000374.jpg,315
1,005425.jpg,316
1,023489.jpg,316
1,004031.jpg,316
1,005440.jpg,317
1,011610.jpg,317
1,027167.jpg,317
1,005494.jpg,318
1,020001.jpg,318
1,024811.jpg,318
1,005536.jpg,319
1,012358.jpg,319
1,020489.jpg,319
1,005537.jpg,320
1,008344.jpg,320
1,021831.jpg,320
1,005566.jpg,321
1,027479.jpg,321
1,014314.jpg,321
1,005573.jpg,322
1,004052.jpg,322
1,032877.jpg,322
1,005576.jpg,323
1,018758.jpg,323
1,032458.jpg,323
1,005604.jpg,324
1,011362.jpg,324
1,021818.jpg,324
1,005616.jpg,325
1,032074.jpg,325
1,010071.jpg,325
1,005624.jpg,326
1,004368.jpg,326
1,003696.jpg,326
1,005641.jpg,327
1,017338.jpg,327
1,027754.jpg,327
1,005642.jpg,328
1,007563.jpg,328
1,016590.jpg,328
1,005645.jpg,329
1,004307.jpg,329
1,016245.jpg,329
1,005693.jpg,330
1,028929.jpg,330
1,009979.jpg,330
1,005711.jpg,331
1,003748.jpg,331
1,022704.jpg,331
1,005760.jpg,332
1,023590.jpg,332
1,020212.jpg,332
1,005769.jpg,333
1,012531.jpg,333
1,000393.jpg,333
1,005809.jpg,334
1,000427.jpg,334
1,008832.jpg,334
1,005826.jpg,335
1,001537.jpg,335
1,019642.jpg,335
1,005847.jpg,336
1,034202.jpg,336
1,004910.jpg,336
1,005907.jpg,337
1,024691.jpg,337
1,005545.jpg,337
1,005932.jpg,338
1,005924.jpg,338
1,001454.jpg,338
1,005951.jpg,339
1,029921.jpg,339
1,024374.jpg,339
1,005966.jpg,340
1,006072.jpg,340
1,021720.jpg,340
1,005972.jpg,341
1,010411.jpg,341
1,011862.jpg,341
1,005974.jpg,342
1,031170.jpg,342
1,007385.jpg,342
1,005990.jpg,343
1,004445.jpg,343
1,012281.jpg,343
1,006032.jpg,344
1,006577.jpg,344
1,011308.jpg,344
1,006036.jpg,345
1,018259.jpg,345
1,010648.jpg,345
1,006045.jpg,346
1,013971.jpg,346
1,017779.jpg,346
1,006052.jpg,347
1,017604.jpg,347
1,018485.jpg,347
1,006054.jpg,348
1,026799.jpg,348
1,000622.jpg,348
1,006056.jpg,349
1,027584.jpg,349
1,018576.jpg,349
1,006101.jpg,350
1,029204.jpg,350
1,000166.jpg,350
1,006136.jpg,351
1,018041.jpg,351
1,002096.jpg,351
1,006159.jpg,352
1,024337.jpg,352
1,001641.jpg,352
1,006221.jpg,353
1,033187.jpg,353
1,028364.jpg,353
1,006261.jpg,354
1,006120.jpg,354
1,036054.jpg,354
1,006272.jpg,355
1,029654.jpg,355
1,035155.jpg,355
1,006337.jpg,356
1,003915.jpg,356
1,008529.jpg,356
1,006352.jpg,357
1,029724.jpg,357
1,022368.jpg,357
1,006361.jpg,358
1,010090.jpg,358
1,015848.jpg,358
1,006369.jpg,359
1,023660.jpg,359
1,030626.jpg,359
1,006371.jpg,360
1,008813.jpg,360
1,023713.jpg,360
1,006406.jpg,361
1,023523.jpg,361
1,023538.jpg,361
1,006411.jpg,362
1,025755.jpg,362
1,024463.jpg,362
1,006436.jpg,363
1,016724.jpg,363
1,030122.jpg,363
1,006437.jpg,364
1,023902.jpg,364
1,032555.jpg,364
1,006443.jpg,365
1,027455.jpg,365
1,018206.jpg,365
1,006449.jpg,366
1,017931.jpg,366
1,034944.jpg,366
1,006457.jpg,367
1,019498.jpg,367
1,028038.jpg,367
1,006467.jpg,368
1,015107.jpg,368
1,025527.jpg,368
1,006506.jpg,369
1,013696.jpg,369
1,014022.jpg,369
1,006532.jpg,370
1,025878.jpg,370
1,024867.jpg,370
1,006545.jpg,371
1,001849.jpg,371
1,010948.jpg,371
1,006546.jpg,372
1,009461.jpg,372
1,018747.jpg,372
1,006571.jpg,373
1,009864.jpg,373
1,005628.jpg,373
1,006594.jpg,374
1,036210.jpg,374
1,019599.jpg,374
1,006620.jpg,375
1,013955.jpg,375
1,030754.jpg,375
1,006666.jpg,376
1,030650.jpg,376
1,014820.jpg,376
1,006685.jpg,377
1,027113.jpg,377
1,034315.jpg,377
1,006722.jpg,378
1,032624.jpg,378
1,014881.jpg,378
1,006727.jpg,379
1,028200.jpg,379
1,001577.jpg,379
1,006780.jpg,380
1,032211.jpg,380
1,023042.jpg,380
1,006781.jpg,381
1,007913.jpg,381
1,011047.jpg,381
1,006793.jpg,382
1,000701.jpg,382
1,015053.jpg,382
1,006801.jpg,383
1,014002.jpg,383
1,025701.jpg,383
1,006834.jpg,384
1,016785.jpg,384
1,014986.jpg,384
1,006870.jpg,385
1,033468.jpg,385
1,019769.jpg,385
1,006944.jpg,386
1,001437.jpg,386
1,005293.jpg,386
1,006946.jpg,387
1,000043.jpg,387
1,030694.jpg,387
1,006964.jpg,388
1,028310.jpg,388
1,018457.jpg,388
1,006985.jpg,389
1,036727.jpg,389
1,002097.jpg,389
1,006996.jpg,390
1,000945.jpg,390
1,005372.jpg,390
1,007014.jpg,391
1,034240.jpg,391
1,003251.jpg,391
1,007043.jpg,392
1,019752.jpg,392
1,002283.jpg,392
1,007076.jpg,393
1,031416.jpg,393
1,003536.jpg,393
1,007077.jpg,394
1,034175.jpg,394
1,027854.jpg,394
1,007080.jpg,395
1,013192.jpg,395
1,002290.jpg,395
1,007110.jpg,396
1,018514.jpg,396
1,006035.jpg,396
1,007134.jpg,397
1,030932.jpg,397
1,033899.jpg,397
1,007179.jpg,398
1,034126.jpg,398
1,000821.jpg,398
1,007190.jpg,399
1,005213.jpg,399
1,010754.jpg,399
1,007192.jpg,400
1,022537.jpg,400
1,034205.jpg,400
1,007225.jpg,401
1,036453.jpg,401
1,015173.jpg,401
1,007249.jpg,402
1,009700.jpg,402
1,005617.jpg,402
1,007251.jpg,403
1,023334.jpg,403
1,011759.jpg,403
1,007273.jpg,404
1,029413.jpg,404
1,026079.jpg,404
1,007283.jpg,405
1,029725.jpg,405
1,015967.jpg,405
1,007302.jpg,406
1,001604.jpg,406
1,018670.jpg,406
1,007314.jpg,407
1,020143.jpg,407
1,013543.jpg,407
1,007331.jpg,408
1,017847.jpg,408
1,001875.jpg,408
1,007336.jpg,409
1,021495.jpg,409
1,021501.jpg,409
1,007341.jpg,410
1,021689.jpg,410
1,031562.jpg,410
1,007388.jpg,411
1,022108.jpg,411
1,020127.jpg,411
1,007396.jpg,412
1,019220.jpg,412
1,013719.jpg,412
1,007399.jpg,413
1,004077.jpg,413
1,022656.jpg,413
1,007441.jpg,414
1,033104.jpg,414
1,012199.jpg,414
1,007449.jpg,415
1,008247.jpg,415
1,017716.jpg,415
1,007455.jpg,416
1,022981.jpg,416
1,034324.jpg,416
1,007456.jpg,417
1,005362.jpg,417
1,011692.jpg,417
1,007476.jpg,418
1,022631.jpg,418
1,007657.jpg,418
1,007478.jpg,419
1,007478.jpg,419
1,007478.jpg,419
1,007479.jpg,420
1,034619.jpg,420
1,036324.jpg,420
1,007481.jpg,421
1,013308.jpg,421
1,025479.jpg,421
1,007482.jpg,422
1,023651.jpg,422
1,001159.jpg,422
1,007490.jpg,423
1,004076.jpg,423
1,019285.jpg,423
1,007494.jpg,424
1,022745.jpg,424
1,003183.jpg,424
1,007517.jpg,425
1,005088.jpg,425
1,027224.jpg,425
1,007519.jpg,426
1,030738.jpg,426
1,008711.jpg,426
1,007538.jpg,427
1,001624.jpg,427
1,000576.jpg,427
1,007551.jpg,428
1,009748.jpg,428
1,001425.jpg,428
1,007561.jpg,429
1,024039.jpg,429
1,007203.jpg,429
1,007612.jpg,430
1,009182.jpg,430
1,018765.jpg,430
1,007650.jpg,431
1,023194.jpg,431
1,030414.jpg,431
1,007652.jpg,432
1,017642.jpg,432
1,023381.jpg,432
1,007679.jpg,433
1,007286.jpg,433
1,025319.jpg,433
1,007683.jpg,434
1,012507.jpg,434
1,036426.jpg,434
1,007694.jpg,435
1,004894.jpg,435
1,029122.jpg,435
1,007703.jpg,436
1,007703.jpg,436
1,007703.jpg,436
1,007715.jpg,437
1,004758.jpg,437
1,032823.jpg,437
1,007737.jpg,438
1,032539.jpg,438
1,013690.jpg,438
1,007783.jpg,439
1,000090.jpg,439
1,023809.jpg,439
1,007815.jpg,440
1,034886.jpg,440
1,027710.jpg,440
1,007869.jpg,441
1,007647.jpg,441
1,036505.jpg,441
1,007872.jpg,442
1,011553.jpg,442
1,024664.jpg,442
1,007874.jpg,443
1,030654.jpg,443
1,018943.jpg,443
1,007881.jpg,444
1,006041.jpg,444
1,025714.jpg,444
1,007883.jpg,445
1,035019.jpg,445
1,001559.jpg,445
1,007897.jpg,446
1,033808.jpg,446
1,000857.jpg,446
1,007933.jpg,447
1,011881.jpg,447
1,021062.jpg,447
1,007968.jpg,448
1,018238.jpg,448
1,013317.jpg,448
1,007990.jpg,449
1,027602.jpg,449
1,023952.jpg,449
1,007999.jpg,450
1,024442.jpg,450
1,026854.jpg,450
1,008016.jpg,451
1,007696.jpg,451
1,036488.jpg,451
1,008041.jpg,452
1,008041.jpg,452
1,008041.jpg,452
1,008062.jpg,453
1,013042.jpg,453
1,028614.jpg,453
1,008085.jpg,454
1,023502.jpg,454
1,025580.jpg,454
1,008091.jpg,455
1,012461.jpg,455
1,015356.jpg,455
1,008115.jpg,456
1,029954.jpg,456
1,019192.jpg,456
1,008131.jpg,457
1,019563.jpg,457
1,013940.jpg,457
1,008133.jpg,458
1,027992.jpg,458
1,025739.jpg,458
1,008154.jpg,459
1,011384.jpg,459
1,001246.jpg,459
1,008180.jpg,460
1,002014.jpg,460
1,018915.jpg,460
1,008191.jpg,461
1,015603.jpg,461
1,028367.jpg,461
1,008203.jpg,462
1,012803.jpg,462
1,036454.jpg,462
1,008234.jpg,463
1,024817.jpg,463
1,015696.jpg,463
1,008239.jpg,464
1,018247.jpg,464
1,035727.jpg,464
1,008281.jpg,465
1,017574.jpg,465
1,002210.jpg,465
1,008358.jpg,466
1,016458.jpg,466
1,000154.jpg,466
1,008429.jpg,467
1,006814.jpg,467
1,000358.jpg,467
1,008475.jpg,468
1,001139.jpg,468
1,016219.jpg,468
1,008476.jpg,469
1,011901.jpg,469
1,004230.jpg,469
1,008479.jpg,470
1,019736.jpg,470
1,005961.jpg,470
1,008485.jpg,471
1,013722.jpg,471
1,029097.jpg,471
1,008535.jpg,472
1,018333.jpg,472
1,003012.jpg,472
1,008551.jpg,473
1,032239.jpg,473
1,024794.jpg,473
1,008554.jpg,474
1,004548.jpg,474
1,011590.jpg,474
1,008559.jpg,475
1,007108.jpg,475
1,028985.jpg,475
1,008568.jpg,476
1,002394.jpg,476
1,028467.jpg,476
1,008569.jpg,477
1,019947.jpg,477
1,019947.jpg,477
1,008589.jpg,478
1,003494.jpg,478
1,001014.jpg,478
1,008618.jpg,479
1,001951.jpg,479
1,024079.jpg,479
1,008650.jpg,480
1,007221.jpg,480
1,018264.jpg,480
1,008652.jpg,481
1,001336.jpg,481
1,035163.jpg,481
1,008657.jpg,482
1,031468.jpg,482
1,022647.jpg,482
1,008695.jpg,483
1,019688.jpg,483
1,021486.jpg,483
1,008700.jpg,484
1,012156.jpg,484
1,007721.jpg,484
1,008701.jpg,485
1,015561.jpg,485
1,008073.jpg,485
1,008714.jpg,486
1,005531.jpg,486
1,004843.jpg,486
1,008738.jpg,487
1,011911.jpg,487
1,002814.jpg,487
1,008763.jpg,488
1,016433.jpg,488
1,012239.jpg,488
1,008781.jpg,489
1,020494.jpg,489
1,008423.jpg,489
1,008808.jpg,490
1,024943.jpg,490
1,012958.jpg,490
1,008816.jpg,491
1,022868.jpg,491
1,003549.jpg,491
1,008853.jpg,492
1,032927.jpg,492
1,031854.jpg,492
1,008867.jpg,493
1,024089.jpg,493
1,018590.jpg,493
1,008873.jpg,494
1,015164.jpg,494
1,020242.jpg,494
1,008876.jpg,495
1,012107.jpg,495
1,001675.jpg,495
1,008892.jpg,496
1,002541.jpg,496
1,025131.jpg,496
1,008902.jpg,497
1,019084.jpg,497
1,009572.jpg,497
1,008910.jpg,498
1,024585.jpg,498
1,017620.jpg,498
1,008917.jpg,499
1,019974.jpg,499
1,013415.jpg,499
1,008927.jpg,500
1,000471.jpg,500
1,009619.jpg,500
1,008929.jpg,501
1,001216.jpg,501
1,001856.jpg,501
1,008936.jpg,502
1,024565.jpg,502
1,029090.jpg,502
1,008940.jpg,503
1,025241.jpg,503
1,026409.jpg,503
1,008943.jpg,504
1,009347.jpg,504
1,002288.jpg,504
1,009021.jpg,505
1,031210.jpg,505
1,013704.jpg,505
1,009040.jpg,506
1,025359.jpg,506
1,036613.jpg,506
1,009101.jpg,507
1,034088.jpg,507
1,011736.jpg,507
1,009127.jpg,508
1,004562.jpg,508
1,033660.jpg,508
1,009136.jpg,509
1,014017.jpg,509
1,000568.jpg,509
1,009141.jpg,510
1,033654.jpg,510
1,011155.jpg,510
1,009150.jpg,511
1,000479.jpg,511
1,032730.jpg,511
1,009168.jpg,512
1,026682.jpg,512
1,018950.jpg,512
1,009170.jpg,513
1,032030.jpg,513
1,035260.jpg,513
1,009195.jpg,514
1,036239.jpg,514
1,010604.jpg,514
1,009221.jpg,515
1,005369.jpg,515
1,034066.jpg,515
1,009252.jpg,516
1,009252.jpg,516
1,009252.jpg,516
1,009283.jpg,517
1,035843.jpg,517
1,000141.jpg,517
1,009299.jpg,518
1,001243.jpg,518
1,029605.jpg,518
1,009357.jpg,519
1,026230.jpg,519
1,024889.jpg,519
1,009378.jpg,520
1,031048.jpg,520
1,032550.jpg,520
1,009397.jpg,521
1,020076.jpg,521
1,010947.jpg,521
1,009421.jpg,522
1,028246.jpg,522
1,033469.jpg,522
1,009437.jpg,523
1,033412.jpg,523
1,016562.jpg,523
1,009460.jpg,524
1,035856.jpg,524
1,003486.jpg,524
1,009466.jpg,525
1,028640.jpg,525
1,002031.jpg,525
1,009482.jpg,526
1,035985.jpg,526
1,027073.jpg,526
1,009568.jpg,527
1,017244.jpg,527
1,024069.jpg,527
1,009636.jpg,528
1,009636.jpg,528
1,009636.jpg,528
1,009639.jpg,529
1,013326.jpg,529
1,018228.jpg,529
1,009673.jpg,530
1,002463.jpg,530
1,004502.jpg,530
1,009677.jpg,531
1,011052.jpg,531
1,035427.jpg,531
1,009723.jpg,532
1,000449.jpg,532
1,020496.jpg,532
1,009740.jpg,533
1,025082.jpg,533
1,011181.jpg,533
1,009901.jpg,534
1,000691.jpg,534
1,021020.jpg,534
1,009910.jpg,535
1,007609.jpg,535
1,030157.jpg,535
1,009946.jpg,536
1,028294.jpg,536
1,018689.jpg,536
1,009965.jpg,537
1,010544.jpg,537
1,029086.jpg,537
1,009968.jpg,538
1,009968.jpg,538
1,009968.jpg,538
1,009974.jpg,539
1,023622.jpg,539
1,015222.jpg,539
1,010012.jpg,540
1,004216.jpg,540
1,000223.jpg,540
1,010049.jpg,541
1,016058.jpg,541
1,032321.jpg,541
1,010050.jpg,542
1,017507.jpg,542
1,008496.jpg,542
1,010139.jpg,543
1,000484.jpg,543
1,017406.jpg,543
1,010195.jpg,544
1,023424.jpg,544
1,026097.jpg,544
1,010207.jpg,545
1,020603.jpg,545
1,008594.jpg,545
1,010221.jpg,546
1,033136.jpg,546
1,028298.jpg,546
1,010230.jpg,547
1,028190.jpg,547
1,024348.jpg,547
1,010236.jpg,548
1,012595.jpg,548
1,013368.jpg,548
1,010243.jpg,549
1,023319.jpg,549
1,003900.jpg,549
1,010275.jpg,550
1,032162.jpg,550
1,007831.jpg,550
1,010289.jpg,551
1,027022.jpg,551
1,029087.jpg,551
1,010321.jpg,552
1,012895.jpg,552
1,008178.jpg,552
1,010332.jpg,553
1,021549.jpg,553
1,015552.jpg,553
1,010334.jpg,554
1,005147.jpg,554
1,018036.jpg,554
1,010337.jpg,555
1,012087.jpg,555
1,019786.jpg,555
1,010339.jpg,556
1,004041.jpg,556
1,002966.jpg,556
1,010349.jpg,557
1,030625.jpg,557
1,033553.jpg,557
1,010374.jpg,558
1,013283.jpg,558
1,013164.jpg,558
1,010425.jpg,559
1,001147.jpg,559
1,001147.jpg,559
1,010431.jpg,560
1,004425.jpg,560
1,023555.jpg,560
1,010464.jpg,561
1,013850.jpg,561
1,008638.jpg,561
1,010480.jpg,562
1,019248.jpg,562
1,029494.jpg,562
1,010483.jpg,563
1,003381.jpg,563
1,021947.jpg,563
1,010512.jpg,564
1,033231.jpg,564
1,016208.jpg,564
1,010518.jpg,565
1,004480.jpg,565
1,010172.jpg,565
1,010538.jpg,566
1,022178.jpg,566
1,001535.jpg,566
1,010555.jpg,567
1,016428.jpg,567
1,005009.jpg,567
1,010570.jpg,568
1,028847.jpg,568
1,034972.jpg,568
1,010585.jpg,569
1,018435.jpg,569
1,012180.jpg,569
1,010590.jpg,570
1,017758.jpg,570
1,034931.jpg,570
1,010631.jpg,571
1,032610.jpg,571
1,016427.jpg,571
1,010664.jpg,572
1,006819.jpg,572
1,033307.jpg,572
1,010673.jpg,573
1,013724.jpg,573
1,033096.jpg,573
1,010682.jpg,574
1,002251.jpg,574
1,011477.jpg,574
1,010740.jpg,575
1,021092.jpg,575
1,009635.jpg,575
1,010745.jpg,576
1,027607.jpg,576
1,003284.jpg,576
1,010751.jpg,577
1,006326.jpg,577
1,011422.jpg,577
1,010782.jpg,578
1,025093.jpg,578
1,016787.jpg,578
1,010784.jpg,579
1,008625.jpg,579
1,017849.jpg,579
1,010794.jpg,580
1,019704.jpg,580
1,005999.jpg,580
1,010809.jpg,581
1,012109.jpg,581
1,030074.jpg,581
1,010845.jpg,582
1,036915.jpg,582
1,021026.jpg,582
1,010865.jpg,583
1,031387.jpg,583
1,036121.jpg,583
1,010887.jpg,584
1,019835.jpg,584
1,018697.jpg,584
1,010888.jpg,585
1,008984.jpg,585
1,013409.jpg,585
1,010933.jpg,586
1,034485.jpg,586
1,004306.jpg,586
1,010965.jpg,587
1,013064.jpg,587
1,017317.jpg,587
1,010977.jpg,588
1,018970.jpg,588
1,031318.jpg,588
1,010995.jpg,589
1,030270.jpg,589
1,007013.jpg,589
1,011038.jpg,590
1,006951.jpg,590
1,020884.jpg,590
1,011069.jpg,591
1,036032.jpg,591
1,000629.jpg,591
1,011090.jpg,592
1,002173.jpg,592
1,007356.jpg,592
1,011101.jpg,593
1,027053.jpg,593
1,025530.jpg,593
1,011107.jpg,594
1,018994.jpg,594
1,010699.jpg,594
1,011112.jpg,595
1,022012.jpg,595
1,029674.jpg,595
1,011114.jpg,596
1,033339.jpg,596
1,000657.jpg,596
1,011125.jpg,597
1,013054.jpg,597
1,035005.jpg,597
1,011145.jpg,598
1,024670.jpg,598
1,005519.jpg,598
1,011148.jpg,599
1,016723.jpg,599
1,000854.jpg,599
1,011163.jpg,600
1,034857.jpg,600
1,009821.jpg,600
1,011164.jpg,601
1,026892.jpg,601
1,024991.jpg,601
1,011193.jpg,602
1,002560.jpg,602
1,019423.jpg,602
1,011220.jpg,603
1,025939.jpg,603
1,023830.jpg,603
1,011232.jpg,604
1,010171.jpg,604
1,010639.jpg,604
1,011244.jpg,605
1,024332.jpg,605
1,000281.jpg,605
1,011272.jpg,606
1,025655.jpg,606
1,007663.jpg,606
1,011277.jpg,607
1,004407.jpg,607
1,018222.jpg,607
1,011292.jpg,608
1,010902.jpg,608
1,034935.jpg,608
1,011316.jpg,609
1,022674.jpg,609
1,028477.jpg,609
1,011340.jpg,610
1,008262.jpg,610
1,019610.jpg,610
1,011342.jpg,611
1,000544.jpg,611
1,026372.jpg,611
1,011390.jpg,612
1,035017.jpg,612
1,002067.jpg,612
1,011395.jpg,613
1,024492.jpg,613
1,028496.jpg,613
1,011396.jpg,614
1,022181.jpg,614
1,007084.jpg,614
1,011453.jpg,615
1,018829.jpg,615
1,036257.jpg,615
1,011482.jpg,616
1,011482.jpg,616
1,011482.jpg,616
1,011502.jpg,617
1,006203.jpg,617
1,024881.jpg,617
1,011585.jpg,618
1,015752.jpg,618
1,008764.jpg,618
1,011596.jpg,619
1,028778.jpg,619
1,031551.jpg,619
1,011603.jpg,620
1,001206.jpg,620
1,014164.jpg,620
1,011612.jpg,621
1,033173.jpg,621
1,020972.jpg,621
1,011654.jpg,622
1,025240.jpg,622
1,012663.jpg,622
1,011655.jpg,623
1,007854.jpg,623
1,021258.jpg,623
1,011685.jpg,624
1,034603.jpg,624
1,015819.jpg,624
1,011689.jpg,625
1,016322.jpg,625
1,030217.jpg,625
1,011710.jpg,626
1,007903.jpg,626
1,023000.jpg,626
1,011754.jpg,627
1,011879.jpg,627
1,033598.jpg,627
1,011757.jpg,628
1,032311.jpg,628
1,006314.jpg,628
1,011787.jpg,629
1,010343.jpg,629
1,010546.jpg,629
1,011800.jpg,630
1,019426.jpg,630
1,004366.jpg,630
1,011827.jpg,631
1,014080.jpg,631
1,004154.jpg,631
1,011831.jpg,632
1,015042.jpg,632
1,022477.jpg,632
1,011871.jpg,633
1,009576.jpg,633
1,010734.jpg,633
1,011924.jpg,634
1,035623.jpg,634
1,006683.jpg,634
1,011932.jpg,635
1,000619.jpg,635
1,000619.jpg,635
1,011995.jpg,636
1,003714.jpg,636
1,035509.jpg,636
1,011998.jpg,637
1,000832.jpg,637
1,032880.jpg,637
1,012010.jpg,638
1,020976.jpg,638
1,018034.jpg,638
1,012022.jpg,639
1,001220.jpg,639
1,000814.jpg,639
1,012023.jpg,640
1,017881.jpg,640
1,012309.jpg,640
1,012037.jpg,641
1,035108.jpg,641
1,000319.jpg,641
1,012038.jpg,642
1,007237.jpg,642
1,032179.jpg,642
1,012045.jpg,643
1,003282.jpg,643
1,014416.jpg,643
1,012056.jpg,644
1,025256.jpg,644
1,034045.jpg,644
1,012066.jpg,645
1,036233.jpg,645
1,036057.jpg,645
1,012100.jpg,646
1,000235.jpg,646
1,002462.jpg,646
1,012113.jpg,647
1,020209.jpg,647
1,019795.jpg,647
1,012137.jpg,648
1,027719.jpg,648
1,001504.jpg,648
1,012173.jpg,649
1,010920.jpg,649
1,021337.jpg,649
1,012175.jpg,650
1,012175.jpg,650
1,012175.jpg,650
1,012190.jpg,651
1,029064.jpg,651
1,017319.jpg,651
1,012210.jpg,652
1,024231.jpg,652
1,034436.jpg,652
1,012223.jpg,653
1,007718.jpg,653
1,008879.jpg,653
1,012226.jpg,654
1,013107.jpg,654
1,030264.jpg,654
1,012238.jpg,655
1,024351.jpg,655
1,012455.jpg,655
1,012252.jpg,656
1,034853.jpg,656
1,035898.jpg,656
1,012267.jpg,657
1,034416.jpg,657
1,008222.jpg,657
1,012332.jpg,658
1,032620.jpg,658
1,000115.jpg,658
1,012356.jpg,659
1,036427.jpg,659
1,036427.jpg,659
1,012360.jpg,660
1,012977.jpg,660
1,022998.jpg,660
1,012375.jpg,661
1,028651.jpg,661
1,024285.jpg,661
1,012386.jpg,662
1,017918.jpg,662
1,032013.jpg,662
1,012390.jpg,663
1,015072.jpg,663
1,024464.jpg,663
1,012428.jpg,664
1,024723.jpg,664
1,024616.jpg,664
1,012449.jpg,665
1,033600.jpg,665
1,014031.jpg,665
1,012467.jpg,666
1,028411.jpg,666
1,006828.jpg,666
1,012472.jpg,667
1,005904.jpg,667
1,026836.jpg,667
1,012486.jpg,668
1,033004.jpg,668
1,014978.jpg,668
1,012490.jpg,669
1,006474.jpg,669
1,002219.jpg,669
1,012509.jpg,670
1,000995.jpg,670
1,018634.jpg,670
1,012534.jpg,671
1,032827.jpg,671
1,004016.jpg,671
1,012549.jpg,672
1,013667.jpg,672
1,004419.jpg,672
1,012572.jpg,673
1,032866.jpg,673
1,003456.jpg,673
1,012613.jpg,674
1,015210.jpg,674
1,025612.jpg,674
1,012622.jpg,675
1,007907.jpg,675
1,009153.jpg,675
1,012686.jpg,676
1,034077.jpg,676
1,016801.jpg,676
1,012698.jpg,677
1,036555.jpg,677
1,017151.jpg,677
1,012706.jpg,678
1,021560.jpg,678
1,018839.jpg,678
1,012755.jpg,679
1,011035.jpg,679
1,007596.jpg,679
1,012771.jpg,680
1,031159.jpg,680
1,016686.jpg,680
1,012772.jpg,681
1,001255.jpg,681
1,005593.jpg,681
1,012800.jpg,682
1,004218.jpg,682
1,017848.jpg,682
1,012814.jpg,683
1,019493.jpg,683
1,034664.jpg,683
1,012835.jpg,684
1,023530.jpg,684
1,033107.jpg,684
1,012848.jpg,685
1,013568.jpg,685
1,021955.jpg,685
1,012856.jpg,686
1,010952.jpg,686
1,027855.jpg,686
1,012875.jpg,687
1,017449.jpg,687
1,002502.jpg,687
1,012894.jpg,688
1,034827.jpg,688
1,006896.jpg,688
1,012909.jpg,689
1,008523.jpg,689
1,016866.jpg,689
1,012910.jpg,690
1,022093.jpg,690
1,008526.jpg,690
1,012924.jpg,691
1,006096.jpg,691
1,006096.jpg,691
1,012937.jpg,692
1,014984.jpg,692
1,009637.jpg,692
1,012941.jpg,693
1,001972.jpg,693
1,000842.jpg,693
1,012951.jpg,694
1,005307.jpg,694
1,021155.jpg,694
1,012960.jpg,695
1,036166.jpg,695
1,001218.jpg,695
1,012976.jpg,696
1,033867.jpg,696
1,025404.jpg,696
1,012979.jpg,697
1,023492.jpg,697
1,008899.jpg,697
1,012994.jpg,698
1,009589.jpg,698
1,014677.jpg,698
1,013010.jpg,699
1,031348.jpg,699
1,009792.jpg,699
1,013022.jpg,700
1,019264.jpg,700
1,017235.jpg,700
1,013047.jpg,701
1,031097.jpg,701
1,011350.jpg,701
1,013055.jpg,702
1,016389.jpg,702
1,029976.jpg,702
1,013063.jpg,703
1,036858.jpg,703
1,033535.jpg,703
1,013077.jpg,704
1,033451.jpg,704
1,030285.jpg,704
1,013079.jpg,705
1,003825.jpg,705
1,020848.jpg,705
1,013088.jpg,706
1,018012.jpg,706
1,034393.jpg,706
1,013106.jpg,707
1,009467.jpg,707
1,032773.jpg,707
1,013176.jpg,708
1,003166.jpg,708
1,020678.jpg,708
1,013180.jpg,709
1,026653.jpg,709
1,005765.jpg,709
1,013215.jpg,710
1,017425.jpg,710
1,017461.jpg,710
1,013218.jpg,711
1,010039.jpg,711
1,019934.jpg,711
1,013262.jpg,712
1,010596.jpg,712
1,002703.jpg,712
1,013268.jpg,713
1,024979.jpg,713
1,012458.jpg,713
1,013285.jpg,714
1,036836.jpg,714
1,021577.jpg,714
1,013320.jpg,715
1,014102.jpg,715
1,010478.jpg,715
1,013362.jpg,716
1,014543.jpg,716
1,011488.jpg,716
1,013389.jpg,717
1,034933.jpg,717
1,011788.jpg,717
1,013392.jpg,718
1,024638.jpg,718
1,001981.jpg,718
1,013449.jpg,719
1,021769.jpg,719
1,008548.jpg,719
1,013452.jpg,720
1,032253.jpg,720
1,036568.jpg,720
1,013491.jpg,721
1,023349.jpg,721
1,007655.jpg,721
1,013557.jpg,722
1,010021.jpg,722
1,001333.jpg,722
1,013563.jpg,723
1,008034.jpg,723
1,021417.jpg,723
1,013589.jpg,724
1,010302.jpg,724
1,012288.jpg,724
1,013614.jpg,725
1,025213.jpg,725
1,023844.jpg,725
1,013621.jpg,726
1,018282.jpg,726
1,025087.jpg,726
1,013625.jpg,727
1,025690.jpg,727
1,001186.jpg,727
1,013642.jpg,728
1,006427.jpg,728
1,005763.jpg,728
1,013652.jpg,729
1,035646.jpg,729
1,009247.jpg,729
1,013656.jpg,730
1,017788.jpg,730
1,034741.jpg,730
1,013660.jpg,731
1,030349.jpg,731
1,030349.jpg,731
1,013691.jpg,732
1,002340.jpg,732
1,029101.jpg,732
1,013697.jpg,733
1,022850.jpg,733
1,029686.jpg,733
1,013702.jpg,734
1,005589.jpg,734
1,024629.jpg,734
1,013709.jpg,735
1,028134.jpg,735
1,016030.jpg,735
1,013716.jpg,736
1,008865.jpg,736
1,002231.jpg,736
1,013738.jpg,737
1,026076.jpg,737
1,027573.jpg,737
1,013760.jpg,738
1,012277.jpg,738
1,006961.jpg,738
1,013815.jpg,739
1,032557.jpg,739
1,009424.jpg,739
1,013845.jpg,740
1,002591.jpg,740
1,022988.jpg,740
1,013891.jpg,741
1,005463.jpg,741
1,010429.jpg,741
1,013893.jpg,742
1,016304.jpg,742
1,035034.jpg,742
1,013898.jpg,743
1,032217.jpg,743
1,010352.jpg,743
1,013918.jpg,744
1,008256.jpg,744
1,012766.jpg,744
1,013964.jpg,745
1,003245.jpg,745
1,000028.jpg,745
1,014005.jpg,746
1,012710.jpg,746
1,006584.jpg,746
1,014019.jpg,747
1,000908.jpg,747
1,029977.jpg,747
1,014027.jpg,748
1,003337.jpg,748
1,028857.jpg,748
1,014073.jpg,749
1,004184.jpg,749
1,003017.jpg,749
1,014075.jpg,750
1,010272.jpg,750
1,035753.jpg,750
1,014082.jpg,751
1,017650.jpg,751
1,005606.jpg,751
1,014101.jpg,752
1,018362.jpg,752
1,029194.jpg,752
1,014103.jpg,753
1,021328.jpg,753
1,002386.jpg,753
1,014112.jpg,754
1,008955.jpg,754
1,005402.jpg,754
1,014119.jpg,755
1,012620.jpg,755
1,020393.jpg,755
1,014163.jpg,756
1,019144.jpg,756
1,028739.jpg,756
1,014172.jpg,757
1,002770.jpg,757
1,022395.jpg,757
1,014181.jpg,758
1,028535.jpg,758
1,008789.jpg,758
1,014191.jpg,759
1,025109.jpg,759
1,035128.jpg,759
1,014196.jpg,760
1,022793.jpg,760
1,029647.jpg,760
1,014218.jpg,761
1,004684.jpg,761
1,035913.jpg,761
1,014243.jpg,762
1,023263.jpg,762
1,028323.jpg,762
1,014246.jpg,763
1,010654.jpg,763
1,027380.jpg,763
1,014249.jpg,764
1,031489.jpg,764
1,018823.jpg,764
1,014252.jpg,765
1,008374.jpg,765
1,017513.jpg,765
1,014255.jpg,766
1,002747.jpg,766
1,029357.jpg,766
1,014278.jpg,767
1,022192.jpg,767
1,023756.jpg,767
1,014280.jpg,768
1,034463.jpg,768
1,012865.jpg,768
1,014281.jpg,769
1,006622.jpg,769
1,000844.jpg,769
1,014288.jpg,770
1,006350.jpg,770
1,021568.jpg,770
1,014365.jpg,771
1,005882.jpg,771
1,007096.jpg,771
1,014378.jpg,772
1,004504.jpg,772
1,025963.jpg,772
1,014400.jpg,773
1,026227.jpg,773
1,022761.jpg,773
1,014406.jpg,774
1,015538.jpg,774
1,002190.jpg,774
1,014420.jpg,775
1,034979.jpg,775
1,001792.jpg,775
1,014437.jpg,776
1,034184.jpg,776
1,022624.jpg,776
1,014496.jpg,777
1,004443.jpg,777
1,004592.jpg,777
1,014537.jpg,778
1,010162.jpg,778
1,025414.jpg,778
1,014540.jpg,779
1,035228.jpg,779
1,001088.jpg,779
1,014559.jpg,780
1,030427.jpg,780
1,006288.jpg,780
1,014587.jpg,781
1,035755.jpg,781
1,029835.jpg,781
1,014592.jpg,782
1,014592.jpg,782
1,014592.jpg,782
1,014661.jpg,783
1,005239.jpg,783
1,014546.jpg,783
1,014679.jpg,784
1,012750.jpg,784
1,013096.jpg,784
1,014712.jpg,785
1,008325.jpg,785
1,016195.jpg,785
1,014733.jpg,786
1,017418.jpg,786
1,005857.jpg,786
1,014745.jpg,787
1,009053.jpg,787
1,011580.jpg,787
1,014818.jpg,788
1,000343.jpg,788
1,030534.jpg,788
1,014823.jpg,789
1,034139.jpg,789
1,013854.jpg,789
1,014825.jpg,790
1,013933.jpg,790
1,013221.jpg,790
1,014865.jpg,791
1,000072.jpg,791
1,007123.jpg,791
1,014912.jpg,792
1,033809.jpg,792
1,021763.jpg,792
1,014920.jpg,793
1,018652.jpg,793
1,032440.jpg,793
1,014923.jpg,794
1,023112.jpg,794
1,014215.jpg,794
1,014988.jpg,795
1,028976.jpg,795
1,002540.jpg,795
1,015038.jpg,796
1,010562.jpg,796
1,033868.jpg,796
1,015081.jpg,797
1,010681.jpg,797
1,025174.jpg,797
1,015085.jpg,798
1,023617.jpg,798
1,029812.jpg,798
1,015093.jpg,799
1,003230.jpg,799
1,029030.jpg,799
1,015100.jpg,800
1,033471.jpg,800
1,035938.jpg,800
1,015125.jpg,801
1,020680.jpg,801
1,013076.jpg,801
1,015138.jpg,802
1,013307.jpg,802
1,004289.jpg,802
1,015162.jpg,803
1,024919.jpg,803
1,007908.jpg,803
1,015166.jpg,804
1,036802.jpg,804
1,009469.jpg,804
1,015177.jpg,805
1,025632.jpg,805
1,034689.jpg,805
1,015248.jpg,806
1,015248.jpg,806
1,015248.jpg,806
1,015266.jpg,807
1,025657.jpg,807
1,026654.jpg,807
1,015276.jpg,808
1,032767.jpg,808
1,004429.jpg,808
1,015284.jpg,809
1,003570.jpg,809
1,032287.jpg,809
1,015308.jpg,810
1,005947.jpg,810
1,027444.jpg,810
1,015350.jpg,811
1,003824.jpg,811
1,024735.jpg,811
1,015378.jpg,812
1,021474.jpg,812
1,033668.jpg,812
1,015380.jpg,813
1,020205.jpg,813
1,036095.jpg,813
1,015415.jpg,814
1,012633.jpg,814
1,015846.jpg,814
1,015462.jpg,815
1,010255.jpg,815
1,015230.jpg,815
1,015505.jpg,816
1,024378.jpg,816
1,029965.jpg,816
1,015510.jpg,817
1,027155.jpg,817
1,006213.jpg,817
1,015537.jpg,818
1,026846.jpg,818
1,021647.jpg,818
1,015543.jpg,819
1,013932.jpg,819
1,035703.jpg,819
1,015550.jpg,820
1,005511.jpg,820
1,035266.jpg,820
1,015572.jpg,821
1,006554.jpg,821
1,019382.jpg,821
1,015605.jpg,822
1,029118.jpg,822
1,004380.jpg,822
1,015639.jpg,823
1,017272.jpg,823
1,000613.jpg,823
1,015681.jpg,824
1,030959.jpg,824
1,015106.jpg,824
1,015688.jpg,825
1,011763.jpg,825
1,016707.jpg,825
1,015703.jpg,826
1,001104.jpg,826
1,006076.jpg,826
1,015729.jpg,827
1,031463.jpg,827
1,001897.jpg,827
1,015730.jpg,828
1,027055.jpg,828
1,002835.jpg,828
1,015741.jpg,829
1,034424.jpg,829
1,021325.jpg,829
1,015758.jpg,830
1,028986.jpg,830
1,024566.jpg,830
1,015796.jpg,831
1,028381.jpg,831
1,005453.jpg,831
1,015833.jpg,832
1,030389.jpg,832
1,029844.jpg,832
1,015864.jpg,833
1,021575.jpg,833
1,005226.jpg,833
1,015886.jpg,834
1,027395.jpg,834
1,011963.jpg,834
1,015925.jpg,835
1,011964.jpg,835
1,003550.jpg,835
1,015961.jpg,836
1,026299.jpg,836
1,024385.jpg,836
1,016000.jpg,837
1,018297.jpg,837
1,029849.jpg,837
1,016015.jpg,838
1,034267.jpg,838
1,029947.jpg,838
1,016020.jpg,839
1,002699.jpg,839
1,031286.jpg,839
1,016035.jpg,840
1,027397.jpg,840
1,028917.jpg,840
1,016063.jpg,841
1,016608.jpg,841
1,022262.jpg,841
1,016064.jpg,842
1,028930.jpg,842
1,032099.jpg,842
1,016156.jpg,843
1,023422.jpg,843
1,012743.jpg,843
1,016185.jpg,844
1,017260.jpg,844
1,000580.jpg,844
1,016209.jpg,845
1,031014.jpg,845
1,032588.jpg,845
1,016214.jpg,846
1,002954.jpg,846
1,032972.jpg,846
1,016221.jpg,847
1,031195.jpg,847
1,022214.jpg,847
1,016224.jpg,848
1,031176.jpg,848
1,022013.jpg,848
1,016243.jpg,849
1,002137.jpg,849
1,022350.jpg,849
1,016302.jpg,850
1,017479.jpg,850
1,015965.jpg,850
1,016314.jpg,851
1,016885.jpg,851
1,031984.jpg,851
1,016332.jpg,852
1,026110.jpg,852
1,023345.jpg,852
1,016342.jpg,853
1,005967.jpg,853
1,033570.jpg,853
1,016363.jpg,854
1,032263.jpg,854
1,019445.jpg,854
1,016371.jpg,855
1,033385.jpg,855
1,003068.jpg,855
1,016398.jpg,856
1,004807.jpg,856
1,010791.jpg,856
1,016421.jpg,857
1,030408.jpg,857
1,017521.jpg,857
1,016425.jpg,858
1,034605.jpg,858
1,024053.jpg,858
1,016438.jpg,859
1,016867.jpg,859
1,028988.jpg,859
1,016446.jpg,860
1,008044.jpg,860
1,019511.jpg,860
1,016447.jpg,861
1,021853.jpg,861
1,012385.jpg,861
1,016453.jpg,862
1,016951.jpg,862
1,013172.jpg,862
1,016463.jpg,863
1,023906.jpg,863
1,010249.jpg,863
1,016466.jpg,864
1,035057.jpg,864
1,028011.jpg,864
1,016492.jpg,865
1,023234.jpg,865
1,009149.jpg,865
1,016500.jpg,866
1,011050.jpg,866
1,013615.jpg,866
1,016521.jpg,867
1,004744.jpg,867
1,023128.jpg,867
1,016551.jpg,868
1,024907.jpg,868
1,018048.jpg,868
1,016556.jpg,869
1,005979.jpg,869
1,026225.jpg,869
1,016572.jpg,870
1,018172.jpg,870
1,008141.jpg,870
1,016586.jpg,871
1,000324.jpg,871
1,000337.jpg,871
1,016595.jpg,872
1,022154.jpg,872
1,019280.jpg,872
1,016605.jpg,873
1,021454.jpg,873
1,016689.jpg,873
1,016617.jpg,874
1,000421.jpg,874
1,019986.jpg,874
1,016634.jpg,875
1,016908.jpg,875
1,022585.jpg,875
1,016643.jpg,876
1,004234.jpg,876
1,035133.jpg,876
1,016646.jpg,877
1,016216.jpg,877
1,019887.jpg,877
1,016713.jpg,878
1,009254.jpg,878
1,002125.jpg,878
1,016715.jpg,879
1,017740.jpg,879
1,017740.jpg,879
1,016722.jpg,880
1,008520.jpg,880
1,012372.jpg,880
1,016727.jpg,881
1,029594.jpg,881
1,028366.jpg,881
1,016740.jpg,882
1,010901.jpg,882
1,009035.jpg,882
1,016749.jpg,883
1,031538.jpg,883
1,009122.jpg,883
1,016769.jpg,884
1,015255.jpg,884
1,026540.jpg,884
1,016783.jpg,885
1,011169.jpg,885
1,026558.jpg,885
1,016807.jpg,886
1,003128.jpg,886
1,032761.jpg,886
1,016847.jpg,887
1,024493.jpg,887
1,010358.jpg,887
1,016875.jpg,888
1,021611.jpg,888
1,018885.jpg,888
1,016926.jpg,889
1,012271.jpg,889
1,013525.jpg,889
1,016933.jpg,890
1,025523.jpg,890
1,012916.jpg,890
1,016940.jpg,891
1,036464.jpg,891
1,020283.jpg,891
1,016957.jpg,892
1,026521.jpg,892
1,002371.jpg,892
1,016997.jpg,893
1,034844.jpg,893
1,027742.jpg,893
1,017003.jpg,894
1,015987.jpg,894
1,011119.jpg,894
1,017021.jpg,895
1,015104.jpg,895
1,012952.jpg,895
1,017044.jpg,896
1,033541.jpg,896
1,018879.jpg,896
1,017061.jpg,897
1,026506.jpg,897
1,023335.jpg,897
1,017071.jpg,898
1,017797.jpg,898
1,032019.jpg,898
1,017095.jpg,899
1,020568.jpg,899
1,023083.jpg,899
1,017097.jpg,900
1,015560.jpg,900
1,000608.jpg,900
1,017135.jpg,901
1,009069.jpg,901
1,030780.jpg,901
1,017170.jpg,902
1,012434.jpg,902
1,010126.jpg,902
1,017206.jpg,903
1,003147.jpg,903
1,002514.jpg,903
1,017214.jpg,904
1,022079.jpg,904
1,004222.jpg,904
1,017230.jpg,905
1,001133.jpg,905
1,010232.jpg,905
1,017233.jpg,906
1,011541.jpg,906
1,034119.jpg,906
1,017258.jpg,907
1,019845.jpg,907
1,035800.jpg,907
1,017261.jpg,908
1,033748.jpg,908
1,011972.jpg,908
1,017270.jpg,909
1,023344.jpg,909
1,009094.jpg,909
1,017277.jpg,910
1,006441.jpg,910
1,019825.jpg,910
1,017280.jpg,911
1,026612.jpg,911
1,018371.jpg,911
1,017282.jpg,912
1,013061.jpg,912
1,002204.jpg,912
1,017288.jpg,913
1,032685.jpg,913
1,023805.jpg,913
1,017292.jpg,914
1,005714.jpg,914
1,029648.jpg,914
1,017381.jpg,915
1,013066.jpg,915
1,020717.jpg,915
1,017394.jpg,916
1,018166.jpg,916
1,028486.jpg,916
1,017422.jpg,917
1,031009.jpg,917
1,032693.jpg,917
1,017424.jpg,918
1,036157.jpg,918
1,008866.jpg,918
1,017446.jpg,919
1,022034.jpg,919
1,021685.jpg,919
1,017477.jpg,920
1,026259.jpg,920
1,035630.jpg,920
1,017518.jpg,921
1,005184.jpg,921
1,022607.jpg,921
1,017531.jpg,922
1,018763.jpg,922
1,016470.jpg,922
1,017542.jpg,923
1,017785.jpg,923
1,015154.jpg,923
1,017549.jpg,924
1,011638.jpg,924
1,006975.jpg,924
1,017558.jpg,925
1,023504.jpg,925
1,017082.jpg,925
1,017586.jpg,926
1,014954.jpg,926
1,012061.jpg,926
1,017630.jpg,927
1,018381.jpg,927
1,001767.jpg,927
1,017633.jpg,928
1,029711.jpg,928
1,017735.jpg,928
1,017648.jpg,929
1,001204.jpg,929
1,018307.jpg,929
1,017659.jpg,930
1,012930.jpg,930
1,019087.jpg,930
1,017668.jpg,931
1,001375.jpg,931
1,029966.jpg,931
1,017671.jpg,932
1,001319.jpg,932
1,007621.jpg,932
1,017678.jpg,933
1,027519.jpg,933
1,030170.jpg,933
1,017722.jpg,934
1,025002.jpg,934
1,019817.jpg,934
1,017726.jpg,935
1,011648.jpg,935
1,030789.jpg,935
1,017736.jpg,936
1,027577.jpg,936
1,021550.jpg,936
1,017739.jpg,937
1,023301.jpg,937
1,011207.jpg,937
1,017752.jpg,938
1,029207.jpg,938
1,036724.jpg,938
1,017760.jpg,939
1,017760.jpg,939
1,017760.jpg,939
1,017771.jpg,940
1,011578.jpg,940
1,026987.jpg,940
1,017772.jpg,941
1,035365.jpg,941
1,026679.jpg,941
1,017789.jpg,942
1,036302.jpg,942
1,007524.jpg,942
1,017852.jpg,943
1,032377.jpg,943
1,022538.jpg,943
1,017889.jpg,944
1,013130.jpg,944
1,022153.jpg,944
1,017902.jpg,945
1,006701.jpg,945
1,024942.jpg,945
1,017947.jpg,946
1,036715.jpg,946
1,010324.jpg,946
1,017950.jpg,947
1,005185.jpg,947
1,000225.jpg,947
1,017958.jpg,948
1,035113.jpg,948
1,020372.jpg,948
1,017964.jpg,949
1,016710.jpg,949
1,030209.jpg,949
1,017972.jpg,950
1,032968.jpg,950
1,009275.jpg,950
1,017999.jpg,951
1,029000.jpg,951
1,003033.jpg,951
1,018027.jpg,952
1,017096.jpg,952
1,021048.jpg,952
1,018131.jpg,953
1,035527.jpg,953
1,012707.jpg,953
1,018176.jpg,954
1,023007.jpg,954
1,006672.jpg,954
1,018258.jpg,955
1,021363.jpg,955
1,009737.jpg,955
1,018271.jpg,956
1,033041.jpg,956
1,034834.jpg,956
1,018292.jpg,957
1,021502.jpg,957
1,032805.jpg,957
1,018301.jpg,958
1,025346.jpg,958
1,032303.jpg,958
1,018322.jpg,959
1,021404.jpg,959
1,006465.jpg,959
1,018397.jpg,960
1,022325.jpg,960
1,016429.jpg,960
1,018403.jpg,961
1,019775.jpg,961
1,024372.jpg,961
1,018415.jpg,962
1,028397.jpg,962
1,007553.jpg,962
1,018424.jpg,963
1,009214.jpg,963
1,019419.jpg,963
1,018438.jpg,964
1,002402.jpg,964
1,021178.jpg,964
1,018462.jpg,965
1,031204.jpg,965
1,002352.jpg,965
1,018474.jpg,966
1,001055.jpg,966
1,022087.jpg,966
1,018502.jpg,967
1,006061.jpg,967
1,006061.jpg,967
1,018504.jpg,968
1,001452.jpg,968
1,024532.jpg,968
1,018519.jpg,969
1,028560.jpg,969
1,012753.jpg,969
1,018523.jpg,970
1,004927.jpg,970
1,034104.jpg,970
1,018588.jpg,971
1,024370.jpg,971
1,003041.jpg,971
1,018597.jpg,972
1,011458.jpg,972
1,003513.jpg,972
1,018639.jpg,973
1,006102.jpg,973
1,016607.jpg,973
1,018642.jpg,974
1,014605.jpg,974
1,000438.jpg,974
1,018644.jpg,975
1,025460.jpg,975
1,027074.jpg,975
1,018688.jpg,976
1,026656.jpg,976
1,003444.jpg,976
1,018700.jpg,977
1,031754.jpg,977
1,000681.jpg,977
1,018704.jpg,978
1,024105.jpg,978
1,035090.jpg,978
1,018774.jpg,979
1,007767.jpg,979
1,032952.jpg,979
1,018801.jpg,980
1,016824.jpg,980
1,032455.jpg,980
1,018837.jpg,981
1,011192.jpg,981
1,014720.jpg,981
1,018845.jpg,982
1,008033.jpg,982
1,032696.jpg,982
1,018880.jpg,983
1,016640.jpg,983
1,005312.jpg,983
1,018884.jpg,984
1,030751.jpg,984
1,028100.jpg,984
1,018942.jpg,985
1,024505.jpg,985
1,011950.jpg,985
1,018977.jpg,986
1,009477.jpg,986
1,017373.jpg,986
1,019019.jpg,987
1,004635.jpg,987
1,011794.jpg,987
1,019020.jpg,988
1,030902.jpg,988
1,013789.jpg,988
1,019042.jpg,989
1,013730.jpg,989
1,025709.jpg,989
1,019050.jpg,990
1,007548.jpg,990
1,021790.jpg,990
1,019062.jpg,991
1,019062.jpg,991
1,019062.jpg,991
1,019068.jpg,992
1,014311.jpg,992
1,027367.jpg,992
1,019089.jpg,993
1,017851.jpg,993
1,024600.jpg,993
1,019093.jpg,994
1,007768.jpg,994
1,020306.jpg,994
1,019106.jpg,995
1,013162.jpg,995
1,035675.jpg,995
1,019108.jpg,996
1,025780.jpg,996
1,032166.jpg,996
1,019137.jpg,997
1,021278.jpg,997
1,028832.jpg,997
1,019191.jpg,998
1,035419.jpg,998
1,013444.jpg,998
1,019204.jpg,999
1,023847.jpg,999
1,029579.jpg,999
1,019221.jpg,1000
1,003631.jpg,1000
1,009985.jpg,1000
1,019239.jpg,1001
1,034447.jpg,1001
1,005381.jpg,1001
1,019249.jpg,1002
1,014336.jpg,1002
1,023816.jpg,1002
1,019253.jpg,1003
1,026401.jpg,1003
1,026401.jpg,1003
1,019257.jpg,1004
1,001770.jpg,1004
1,016754.jpg,1004
1,019281.jpg,1005
1,026585.jpg,1005
1,004517.jpg,1005
1,019300.jpg,1006
1,011376.jpg,1006
1,033766.jpg,1006
1,019368.jpg,1007
1,018612.jpg,1007
1,015710.jpg,1007
1,019384.jpg,1008
1,019377.jpg,1008
1,011463.jpg,1008
1,019439.jpg,1009
1,021356.jpg,1009
1,021356.jpg,1009
1,019443.jpg,1010
1,031030.jpg,1010
1,015695.jpg,1010
1,019454.jpg,1011
1,027725.jpg,1011
1,025340.jpg,1011
1,019458.jpg,1012
1,016780.jpg,1012
1,000621.jpg,1012
1,019483.jpg,1013
1,026868.jpg,1013
1,031792.jpg,1013
1,019499.jpg,1014
1,032791.jpg,1014
1,005585.jpg,1014
1,019514.jpg,1015
1,028320.jpg,1015
1,025516.jpg,1015
1,019541.jpg,1016
1,030254.jpg,1016
1,019787.jpg,1016
1,019543.jpg,1017
1,019543.jpg,1017
1,019543.jpg,1017
1,019561.jpg,1018
1,023161.jpg,1018
1,034867.jpg,1018
1,019615.jpg,1019
1,015175.jpg,1019
1,025681.jpg,1019
1,019618.jpg,1020
1,006230.jpg,1020
1,034597.jpg,1020
1,019691.jpg,1021
1,019798.jpg,1021
1,012807.jpg,1021
1,019697.jpg,1022
1,017812.jpg,1022
1,021305.jpg,1022
1,019731.jpg,1023
1,001202.jpg,1023
1,036874.jpg,1023
1,019797.jpg,1024
1,000774.jpg,1024
1,036741.jpg,1024
1,019807.jpg,1025
1,033089.jpg,1025
1,014578.jpg,1025
1,019818.jpg,1026
1,017397.jpg,1026
1,006171.jpg,1026
1,019833.jpg,1027
1,002768.jpg,1027
1,019393.jpg,1027
1,019851.jpg,1028
1,027690.jpg,1028
1,032980.jpg,1028
1,019900.jpg,1029
1,004623.jpg,1029
1,027093.jpg,1029
1,019952.jpg,1030
1,036670.jpg,1030
1,004082.jpg,1030
1,019953.jpg,1031
1,018406.jpg,1031
1,009508.jpg,1031
1,019969.jpg,1032
1,015784.jpg,1032
1,000927.jpg,1032
1,019978.jpg,1033
1,003455.jpg,1033
1,032210.jpg,1033
1,020044.jpg,1034
1,019611.jpg,1034
1,029294.jpg,1034
1,020068.jpg,1035
1,032739.jpg,1035
1,012453.jpg,1035
1,020078.jpg,1036
1,018541.jpg,1036
1,010989.jpg,1036
1,020085.jpg,1037
1,003482.jpg,1037
1,002319.jpg,1037
1,020100.jpg,1038
1,035991.jpg,1038
1,013244.jpg,1038
1,020165.jpg,1039
1,007798.jpg,1039
1,021624.jpg,1039
1,020196.jpg,1040
1,006196.jpg,1040
1,023904.jpg,1040
1,020375.jpg,1041
1,006580.jpg,1041
1,032434.jpg,1041
1,020380.jpg,1042
1,010327.jpg,1042
1,029346.jpg,1042
1,020387.jpg,1043
1,011587.jpg,1043
1,026855.jpg,1043
1,020410.jpg,1044
1,021551.jpg,1044
1,010685.jpg,1044
1,020415.jpg,1045
1,032804.jpg,1045
1,031797.jpg,1045
1,020431.jpg,1046
1,011284.jpg,1046
1,001853.jpg,1046
1,020438.jpg,1047
1,025166.jpg,1047
1,015785.jpg,1047
1,020480.jpg,1048
1,008564.jpg,1048
1,004716.jpg,1048
1,020491.jpg,1049
1,029428.jpg,1049
1,028408.jpg,1049
1,020514.jpg,1050
1,014474.jpg,1050
1,003437.jpg,1050
1,020536.jpg,1051
1,014337.jpg,1051
1,008157.jpg,1051
1,020611.jpg,1052
1,000923.jpg,1052
1,029172.jpg,1052
1,020618.jpg,1053
1,000012.jpg,1053
1,010228.jpg,1053
1,020653.jpg,1054
1,032541.jpg,1054
1,001638.jpg,1054
1,020661.jpg,1055
1,006569.jpg,1055
1,003617.jpg,1055
1,020673.jpg,1056
1,034710.jpg,1056
1,019894.jpg,1056
1,020684.jpg,1057
1,006530.jpg,1057
1,026458.jpg,1057
1,020689.jpg,1058
1,010808.jpg,1058
1,021833.jpg,1058
1,020699.jpg,1059
1,011711.jpg,1059
1,036364.jpg,1059
1,020727.jpg,1060
1,017134.jpg,1060
1,024101.jpg,1060
1,020751.jpg,1061
1,021458.jpg,1061
1,020200.jpg,1061
1,020755.jpg,1062
1,031725.jpg,1062
1,031725.jpg,1062
1,020765.jpg,1063
1,020765.jpg,1063
1,020765.jpg,1063
1,020766.jpg,1064
1,011982.jpg,1064
1,019826.jpg,1064
1,020781.jpg,1065
1,012765.jpg,1065
1,036204.jpg,1065
1,020788.jpg,1066
1,019766.jpg,1066
1,020500.jpg,1066
1,020809.jpg,1067
1,001997.jpg,1067
1,000793.jpg,1067
1,020828.jpg,1068
1,026530.jpg,1068
1,030584.jpg,1068
1,020834.jpg,1069
1,015601.jpg,1069
1,005196.jpg,1069
1,020869.jpg,1070
1,031260.jpg,1070
1,014577.jpg,1070
1,020879.jpg,1071
1,033935.jpg,1071
1,030445.jpg,1071
1,020888.jpg,1072
1,011237.jpg,1072
1,005879.jpg,1072
1,020902.jpg,1073
1,004778.jpg,1073
1,031149.jpg,1073
1,020926.jpg,1074
1,025141.jpg,1074
1,014399.jpg,1074
1,020963.jpg,1075
1,004012.jpg,1075
1,013747.jpg,1075
1,020989.jpg,1076
1,004020.jpg,1076
1,010976.jpg,1076
1,021024.jpg,1077
1,007975.jpg,1077
1,019111.jpg,1077
1,021034.jpg,1078
1,025038.jpg,1078
1,036572.jpg,1078
1,021045.jpg,1079
1,015742.jpg,1079
1,030812.jpg,1079
1,021047.jpg,1080
1,010831.jpg,1080
1,029453.jpg,1080
1,021052.jpg,1081
1,008749.jpg,1081
1,011410.jpg,1081
1,021061.jpg,1082
1,005827.jpg,1082
1,004462.jpg,1082
1,021068.jpg,1083
1,010980.jpg,1083
1,023169.jpg,1083
1,021089.jpg,1084
1,020968.jpg,1084
1,011138.jpg,1084
1,021097.jpg,1085
1,006181.jpg,1085
1,021243.jpg,1085
1,021105.jpg,1086
1,004993.jpg,1086
1,036307.jpg,1086
1,021108.jpg,1087
1,012815.jpg,1087
1,032753.jpg,1087
1,021140.jpg,1088
1,016378.jpg,1088
1,001005.jpg,1088
1,021147.jpg,1089
1,015316.jpg,1089
1,016334.jpg,1089
1,021150.jpg,1090
1,033084.jpg,1090
1,035079.jpg,1090
1,021152.jpg,1091
1,028212.jpg,1091
1,022797.jpg,1091
1,021156.jpg,1092
1,003151.jpg,1092
1,027707.jpg,1092
1,021183.jpg,1093
1,009638.jpg,1093
1,015580.jpg,1093
1,021196.jpg,1094
1,015214.jpg,1094
1,030965.jpg,1094
1,021204.jpg,1095
1,000228.jpg,1095
1,033969.jpg,1095
1,021207.jpg,1096
1,024430.jpg,1096
1,027468.jpg,1096
1,021216.jpg,1097
1,007157.jpg,1097
1,004682.jpg,1097
1,021256.jpg,1098
1,006146.jpg,1098
1,008379.jpg,1098
1,021262.jpg,1099
1,007133.jpg,1099
1,023091.jpg,1099
1,021288.jpg,1100
1,014776.jpg,1100
1,011940.jpg,1100
1,021300.jpg,1101
1,016736.jpg,1101
1,026973.jpg,1101
1,021304.jpg,1102
1,001695.jpg,1102
1,009599.jpg,1102
1,021324.jpg,1103
1,010557.jpg,1103
1,011627.jpg,1103
1,021334.jpg,1104
1,028227.jpg,1104
1,017945.jpg,1104
1,021343.jpg,1105
1,008367.jpg,1105
1,025081.jpg,1105
1,021346.jpg,1106
1,027038.jpg,1106
1,014458.jpg,1106
1,021386.jpg,1107
1,002825.jpg,1107
1,033364.jpg,1107
1,021395.jpg,1108
1,003655.jpg,1108
1,020060.jpg,1108
1,021398.jpg,1109
1,015863.jpg,1109
1,016573.jpg,1109
1,021451.jpg,1110
1,011573.jpg,1110
1,018600.jpg,1110
1,021481.jpg,1111
1,011743.jpg,1111
1,008236.jpg,1111
1,021532.jpg,1112
1,022487.jpg,1112
1,006516.jpg,1112
1,021537.jpg,1113
1,013005.jpg,1113
1,012745.jpg,1113
1,021559.jpg,1114
1,028569.jpg,1114
1,017928.jpg,1114
1,021567.jpg,1115
1,015956.jpg,1115
1,019043.jpg,1115
1,021648.jpg,1116
1,007310.jpg,1116
1,027039.jpg,1116
1,021667.jpg,1117
1,025362.jpg,1117
1,027140.jpg,1117
1,021676.jpg,1118
1,026982.jpg,1118
1,027121.jpg,1118
1,021693.jpg,1119
1,022231.jpg,1119
1,007824.jpg,1119
1,021717.jpg,1120
1,009288.jpg,1120
1,033729.jpg,1120
1,021721.jpg,1121
1,009373.jpg,1121
1,010698.jpg,1121
1,021730.jpg,1122
1,002655.jpg,1122
1,014353.jpg,1122
1,021748.jpg,1123
1,003120.jpg,1123
1,000289.jpg,1123
1,021753.jpg,1124
1,019117.jpg,1124
1,023556.jpg,1124
1,021795.jpg,1125
1,032152.jpg,1125
1,018422.jpg,1125
1,021797.jpg,1126
1,005382.jpg,1126
1,001619.jpg,1126
1,021811.jpg,1127
1,018667.jpg,1127
1,004522.jpg,1127
1,021830.jpg,1128
1,008665.jpg,1128
1,009904.jpg,1128
1,021836.jpg,1129
1,017492.jpg,1129
1,030272.jpg,1129
1,021849.jpg,1130
1,028008.jpg,1130
1,032728.jpg,1130
1,021858.jpg,1131
1,027423.jpg,1131
1,014065.jpg,1131
1,021883.jpg,1132
1,006907.jpg,1132
1,016254.jpg,1132
1,021911.jpg,1133
1,034817.jpg,1133
1,014730.jpg,1133
1,021926.jpg,1134
1,008276.jpg,1134
1,032003.jpg,1134
1,021933.jpg,1135
1,025831.jpg,1135
1,020986.jpg,1135
1,022042.jpg,1136
1,025165.jpg,1136
1,018383.jpg,1136
1,022078.jpg,1137
1,025363.jpg,1137
1,009178.jpg,1137
1,022092.jpg,1138
1,010829.jpg,1138
1,019234.jpg,1138
1,022094.jpg,1139
1,017763.jpg,1139
1,029759.jpg,1139
1,022127.jpg,1140
1,014738.jpg,1140
1,022484.jpg,1140
1,022130.jpg,1141
1,013422.jpg,1141
1,018378.jpg,1141
1,022142.jpg,1142
1,000126.jpg,1142
1,033655.jpg,1142
1,022200.jpg,1143
1,026315.jpg,1143
1,017912.jpg,1143
1,022249.jpg,1144
1,026966.jpg,1144
1,024249.jpg,1144
1,022265.jpg,1145
1,003329.jpg,1145
1,012535.jpg,1145
1,022280.jpg,1146
1,007173.jpg,1146
1,025169.jpg,1146
1,022283.jpg,1147
1,031604.jpg,1147
1,001851.jpg,1147
1,022284.jpg,1148
1,028729.jpg,1148
1,026354.jpg,1148
1,022306.jpg,1149
1,011657.jpg,1149
1,021519.jpg,1149
1,022314.jpg,1150
1,008301.jpg,1150
1,016765.jpg,1150
1,022335.jpg,1151
1,034585.jpg,1151
1,030434.jpg,1151
1,022359.jpg,1152
1,021370.jpg,1152
1,012409.jpg,1152
1,022387.jpg,1153
1,028695.jpg,1153
1,001966.jpg,1153
1,022398.jpg,1154
1,014003.jpg,1154
1,015325.jpg,1154
1,022414.jpg,1155
1,014490.jpg,1155
1,025828.jpg,1155
1,022428.jpg,1156
1,031225.jpg,1156
1,012420.jpg,1156
1,022446.jpg,1157
1,005586.jpg,1157
1,036375.jpg,1157
1,022469.jpg,1158
1,015460.jpg,1158
1,009190.jpg,1158
1,022491.jpg,1159
1,001124.jpg,1159
1,014637.jpg,1159
1,022510.jpg,1160
1,022993.jpg,1160
1,003507.jpg,1160
1,022524.jpg,1161
1,008053.jpg,1161
1,003870.jpg,1161
1,022558.jpg,1162
1,014071.jpg,1162
1,019306.jpg,1162
1,022569.jpg,1163
1,023793.jpg,1163
1,002569.jpg,1163
1,022577.jpg,1164
1,029679.jpg,1164
1,023268.jpg,1164
1,022582.jpg,1165
1,018707.jpg,1165
1,036145.jpg,1165
1,022600.jpg,1166
1,018085.jpg,1166
1,017940.jpg,1166
1,022602.jpg,1167
1,018701.jpg,1167
1,033978.jpg,1167
1,022615.jpg,1168
1,011747.jpg,1168
1,008194.jpg,1168
1,022617.jpg,1169
1,027968.jpg,1169
1,027996.jpg,1169
1,022618.jpg,1170
1,015928.jpg,1170
1,025387.jpg,1170
1,022627.jpg,1171
1,007102.jpg,1171
1,026884.jpg,1171
1,022630.jpg,1172
1,035698.jpg,1172
1,015492.jpg,1172
1,022680.jpg,1173
1,000185.jpg,1173
1,002216.jpg,1173
1,022682.jpg,1174
1,019535.jpg,1174
1,028777.jpg,1174
1,022683.jpg,1175
1,026569.jpg,1175
1,014125.jpg,1175
1,022685.jpg,1176
1,012493.jpg,1176
1,029469.jpg,1176
1,022698.jpg,1177
1,017173.jpg,1177
1,016703.jpg,1177
1,022709.jpg,1178
1,025028.jpg,1178
1,009340.jpg,1178
1,022732.jpg,1179
1,010428.jpg,1179
1,015798.jpg,1179
1,022764.jpg,1180
1,020548.jpg,1180
1,023736.jpg,1180
1,022773.jpg,1181
1,028263.jpg,1181
1,014560.jpg,1181
1,022791.jpg,1182
1,024264.jpg,1182
1,012480.jpg,1182
1,022927.jpg,1183
1,008622.jpg,1183
1,030363.jpg,1183
1,022983.jpg,1184
1,021198.jpg,1184
1,014143.jpg,1184
1,022985.jpg,1185
1,036102.jpg,1185
1,007139.jpg,1185
1,023004.jpg,1186
1,005036.jpg,1186
1,008084.jpg,1186
1,023053.jpg,1187
1,011629.jpg,1187
1,010376.jpg,1187
1,023064.jpg,1188
1,030120.jpg,1188
1,007140.jpg,1188
1,023086.jpg,1189
1,002397.jpg,1189
1,003729.jpg,1189
1,023099.jpg,1190
1,028502.jpg,1190
1,013418.jpg,1190
1,023127.jpg,1191
1,030174.jpg,1191
1,032408.jpg,1191
1,023131.jpg,1192
1,004723.jpg,1192
1,034260.jpg,1192
1,023166.jpg,1193
1,019114.jpg,1193
1,032825.jpg,1193
1,023171.jpg,1194
1,022729.jpg,1194
1,014156.jpg,1194
1,023187.jpg,1195
1,002105.jpg,1195
1,008056.jpg,1195
1,023223.jpg,1196
1,033336.jpg,1196
1,014296.jpg,1196
1,023225.jpg,1197
1,013336.jpg,1197
1,007940.jpg,1197
1,023248.jpg,1198
1,010996.jpg,1198
1,013684.jpg,1198
1,023249.jpg,1199
1,031239.jpg,1199
1,028657.jpg,1199
1,023273.jpg,1200
1,011075.jpg,1200
1,001026.jpg,1200
1,023279.jpg,1201
1,036401.jpg,1201
1,029328.jpg,1201
1,023291.jpg,1202
1,017408.jpg,1202
1,029926.jpg,1202
1,023314.jpg,1203
1,030490.jpg,1203
1,017504.jpg,1203
1,023366.jpg,1204
1,020391.jpg,1204
1,005600.jpg,1204
1,023388.jpg,1205
1,012723.jpg,1205
1,000152.jpg,1205
1,023392.jpg,1206
1,008775.jpg,1206
1,013896.jpg,1206
1,023420.jpg,1207
1,011028.jpg,1207
1,032335.jpg,1207
1,023434.jpg,1208
1,010625.jpg,1208
1,004075.jpg,1208
1,023449.jpg,1209
1,016706.jpg,1209
1,023327.jpg,1209
1,023477.jpg,1210
1,021488.jpg,1210
1,035149.jpg,1210
1,023506.jpg,1211
1,008047.jpg,1211
1,011010.jpg,1211
1,023520.jpg,1212
1,008986.jpg,1212
1,023991.jpg,1212
1,023525.jpg,1213
1,014830.jpg,1213
1,019893.jpg,1213
1,023534.jpg,1214
1,013695.jpg,1214
1,016894.jpg,1214
1,023537.jpg,1215
1,024218.jpg,1215
1,005454.jpg,1215
1,023579.jpg,1216
1,028549.jpg,1216
1,028579.jpg,1216
1,023605.jpg,1217
1,033652.jpg,1217
1,033224.jpg,1217
1,023613.jpg,1218
1,009783.jpg,1218
1,026515.jpg,1218
1,023615.jpg,1219
1,013314.jpg,1219
1,032337.jpg,1219
1,023623.jpg,1220
1,020434.jpg,1220
1,014455.jpg,1220
1,023629.jpg,1221
1,035138.jpg,1221
1,018497.jpg,1221
1,023630.jpg,1222
1,032832.jpg,1222
1,005723.jpg,1222
1,023683.jpg,1223
1,035186.jpg,1223
1,006398.jpg,1223
1,023694.jpg,1224
1,001127.jpg,1224
1,023151.jpg,1224
1,023744.jpg,1225
1,023744.jpg,1225
1,023744.jpg,1225
1,023763.jpg,1226
1,010591.jpg,1226
1,022488.jpg,1226
1,023817.jpg,1227
1,026729.jpg,1227
1,018735.jpg,1227
1,023853.jpg,1228
1,009711.jpg,1228
1,023250.jpg,1228
1,023860.jpg,1229
1,036083.jpg,1229
1,004191.jpg,1229
1,023861.jpg,1230
1,017118.jpg,1230
1,035012.jpg,1230
1,023873.jpg,1231
1,036471.jpg,1231
1,034567.jpg,1231
1,023924.jpg,1232
1,013698.jpg,1232
1,011818.jpg,1232
1,023969.jpg,1233
1,029116.jpg,1233
1,004165.jpg,1233
1,023978.jpg,1234
1,025162.jpg,1234
1,002158.jpg,1234
1,023987.jpg,1235
1,010034.jpg,1235
1,014480.jpg,1235
1,023990.jpg,1236
1,010799.jpg,1236
1,005609.jpg,1236
1,024001.jpg,1237
1,024576.jpg,1237
1,012734.jpg,1237
1,024038.jpg,1238
1,008235.jpg,1238
1,005452.jpg,1238
1,024044.jpg,1239
1,000799.jpg,1239
1,034543.jpg,1239
1,024084.jpg,1240
1,036027.jpg,1240
1,009074.jpg,1240
1,024117.jpg,1241
1,023427.jpg,1241
1,001670.jpg,1241
1,024141.jpg,1242
1,029765.jpg,1242
1,029076.jpg,1242
1,024177.jpg,1243
1,002637.jpg,1243
1,006936.jpg,1243
1,024185.jpg,1244
1,033233.jpg,1244
1,026497.jpg,1244
1,024188.jpg,1245
1,000573.jpg,1245
1,007198.jpg,1245
1,024190.jpg,1246
1,024615.jpg,1246
1,024615.jpg,1246
1,024221.jpg,1247
1,010364.jpg,1247
1,010364.jpg,1247
1,024222.jpg,1248
1,013105.jpg,1248
1,027856.jpg,1248
1,024235.jpg,1249
1,032906.jpg,1249
1,004674.jpg,1249
1,024239.jpg,1250
1,003136.jpg,1250
1,015238.jpg,1250
1,024253.jpg,1251
1,036908.jpg,1251
1,021733.jpg,1251
1,024258.jpg,1252
1,022826.jpg,1252
1,019340.jpg,1252
1,024284.jpg,1253
1,025443.jpg,1253
1,004930.jpg,1253
1,024308.jpg,1254
1,011153.jpg,1254
1,000894.jpg,1254
1,024310.jpg,1255
1,026382.jpg,1255
1,011424.jpg,1255
1,024319.jpg,1256
1,030608.jpg,1256
1,014539.jpg,1256
1,024331.jpg,1257
1,022529.jpg,1257
1,021043.jpg,1257
1,024357.jpg,1258
1,022759.jpg,1258
1,000087.jpg,1258
1,024362.jpg,1259
1,016237.jpg,1259
1,012464.jpg,1259
1,024368.jpg,1260
1,019131.jpg,1260
1,004245.jpg,1260
1,024376.jpg,1261
1,023020.jpg,1261
1,000540.jpg,1261
1,024391.jpg,1262
1,027642.jpg,1262
1,012935.jpg,1262
1,024394.jpg,1263
1,008710.jpg,1263
1,007873.jpg,1263
1,024397.jpg,1264
1,028261.jpg,1264
1,031252.jpg,1264
1,024401.jpg,1265
1,001673.jpg,1265
1,029484.jpg,1265
1,024450.jpg,1266
1,031099.jpg,1266
1,035001.jpg,1266
1,024454.jpg,1267
1,003979.jpg,1267
1,017819.jpg,1267
1,024459.jpg,1268
1,031766.jpg,1268
1,017040.jpg,1268
1,024469.jpg,1269
1,017445.jpg,1269
1,021517.jpg,1269
1,024476.jpg,1270
1,031365.jpg,1270
1,022114.jpg,1270
1,024477.jpg,1271
1,027387.jpg,1271
1,035942.jpg,1271
1,024489.jpg,1272
1,029999.jpg,1272
1,023457.jpg,1272
1,024506.jpg,1273
1,012585.jpg,1273
1,021203.jpg,1273
1,024544.jpg,1274
1,019877.jpg,1274
1,013783.jpg,1274
1,024573.jpg,1275
1,014883.jpg,1275
1,036074.jpg,1275
1,024582.jpg,1276
1,008557.jpg,1276
1,011952.jpg,1276
1,024628.jpg,1277
1,006804.jpg,1277
1,014020.jpg,1277
1,024632.jpg,1278
1,010678.jpg,1278
1,026931.jpg,1278
1,024637.jpg,1279
1,016756.jpg,1279
1,012718.jpg,1279
1,024639.jpg,1280
1,031334.jpg,1280
1,005137.jpg,1280
1,024644.jpg,1281
1,014247.jpg,1281
1,030701.jpg,1281
1,024652.jpg,1282
1,016289.jpg,1282
1,016289.jpg,1282
1,024653.jpg,1283
1,035342.jpg,1283
1,014099.jpg,1283
1,024680.jpg,1284
1,013083.jpg,1284
1,023685.jpg,1284
1,024688.jpg,1285
1,000626.jpg,1285
1,036719.jpg,1285
1,024745.jpg,1286
1,032716.jpg,1286
1,035158.jpg,1286
1,024751.jpg,1287
1,014797.jpg,1287
1,024267.jpg,1287
1,024775.jpg,1288
1,013252.jpg,1288
1,033835.jpg,1288
1,024797.jpg,1289
1,019859.jpg,1289
1,036232.jpg,1289
1,024802.jpg,1290
1,018901.jpg,1290
1,028506.jpg,1290
1,024809.jpg,1291
1,024553.jpg,1291
1,010911.jpg,1291
1,024835.jpg,1292
1,034540.jpg,1292
1,007215.jpg,1292
1,024858.jpg,1293
1,036865.jpg,1293
1,016832.jpg,1293
1,024871.jpg,1294
1,036608.jpg,1294
1,033098.jpg,1294
1,024891.jpg,1295
1,003249.jpg,1295
1,021081.jpg,1295
1,024896.jpg,1296
1,032231.jpg,1296
1,013056.jpg,1296
1,024914.jpg,1297
1,016971.jpg,1297
1,026335.jpg,1297
1,024922.jpg,1298
1,001497.jpg,1298
1,003945.jpg,1298
1,024923.jpg,1299
1,027589.jpg,1299
1,036043.jpg,1299
1,024937.jpg,1300
1,013311.jpg,1300
1,008909.jpg,1300
1,024938.jpg,1301
1,014354.jpg,1301
1,002963.jpg,1301
1,024959.jpg,1302
1,021056.jpg,1302
1,034086.jpg,1302
1,024982.jpg,1303
1,005114.jpg,1303
1,014843.jpg,1303
1,024984.jpg,1304
1,007787.jpg,1304
1,035494.jpg,1304
1,025016.jpg,1305
1,013554.jpg,1305
1,017581.jpg,1305
1,025069.jpg,1306
1,013790.jpg,1306
1,034678.jpg,1306
1,025159.jpg,1307
1,004212.jpg,1307
1,004169.jpg,1307
1,025176.jpg,1308
1,023283.jpg,1308
1,019524.jpg,1308
1,025181.jpg,1309
1,005126.jpg,1309
1,008680.jpg,1309
1,025194.jpg,1310
1,003784.jpg,1310
1,028394.jpg,1310
1,025205.jpg,1311
1,030088.jpg,1311
1,011009.jpg,1311
1,025218.jpg,1312
1,033831.jpg,1312
1,021466.jpg,1312
1,025229.jpg,1313
1,014092.jpg,1313
1,001649.jpg,1313
1,025237.jpg,1314
1,019735.jpg,1314
1,022798.jpg,1314
1,025266.jpg,1315
1,006675.jpg,1315
1,033593.jpg,1315
1,025296.jpg,1316
1,017389.jpg,1316
1,035594.jpg,1316
1,025301.jpg,1317
1,031871.jpg,1317
1,006997.jpg,1317
1,025316.jpg,1318
1,008309.jpg,1318
1,029824.jpg,1318
1,025349.jpg,1319
1,022116.jpg,1319
1,036871.jpg,1319
1,025375.jpg,1320
1,021101.jpg,1320
1,007942.jpg,1320
1,025390.jpg,1321
1,026379.jpg,1321
1,016935.jpg,1321
1,025397.jpg,1322
1,007432.jpg,1322
1,019168.jpg,1322
1,025407.jpg,1323
1,006948.jpg,1323
1,015500.jpg,1323
1,025446.jpg,1324
1,009887.jpg,1324
1,021358.jpg,1324
1,025452.jpg,1325
1,028521.jpg,1325
1,016679.jpg,1325
1,025464.jpg,1326
1,015225.jpg,1326
1,015980.jpg,1326
1,025505.jpg,1327
1,014785.jpg,1327
1,036584.jpg,1327
1,025532.jpg,1328
1,018384.jpg,1328
1,003338.jpg,1328
1,025547.jpg,1329
1,021290.jpg,1329
1,004730.jpg,1329
1,025574.jpg,1330
1,029855.jpg,1330
1,004759.jpg,1330
1,025603.jpg,1331
1,028890.jpg,1331
1,020545.jpg,1331
1,025624.jpg,1332
1,014152.jpg,1332
1,029367.jpg,1332
1,025634.jpg,1333
1,013575.jpg,1333
1,025045.jpg,1333
1,025718.jpg,1334
1,004855.jpg,1334
1,011391.jpg,1334
1,025728.jpg,1335
1,011129.jpg,1335
1,010454.jpg,1335
1,025749.jpg,1336
1,025592.jpg,1336
1,027289.jpg,1336
1,025750.jpg,1337
1,006658.jpg,1337
1,034538.jpg,1337
1,025767.jpg,1338
1,011182.jpg,1338
1,007625.jpg,1338
1,025781.jpg,1339
1,021073.jpg,1339
1,029085.jpg,1339
1,025787.jpg,1340
1,001982.jpg,1340
1,024132.jpg,1340
1,025847.jpg,1341
1,028376.jpg,1341
1,030906.jpg,1341
1,025858.jpg,1342
1,001662.jpg,1342
1,003506.jpg,1342
1,025890.jpg,1343
1,022946.jpg,1343
1,024122.jpg,1343
1,025927.jpg,1344
1,009989.jpg,1344
1,004213.jpg,1344
1,025937.jpg,1345
1,032448.jpg,1345
1,032448.jpg,1345
1,025943.jpg,1346
1,012440.jpg,1346
1,015017.jpg,1346
1,025964.jpg,1347
1,032857.jpg,1347
1,015568.jpg,1347
1,025966.jpg,1348
1,018154.jpg,1348
1,000690.jpg,1348
1,025993.jpg,1349
1,008296.jpg,1349
1,008646.jpg,1349
1,025999.jpg,1350
1,007290.jpg,1350
1,014294.jpg,1350
1,026003.jpg,1351
1,035734.jpg,1351
1,031367.jpg,1351
1,026015.jpg,1352
1,006249.jpg,1352
1,003604.jpg,1352
1,026023.jpg,1353
1,003804.jpg,1353
1,003126.jpg,1353
1,026028.jpg,1354
1,025015.jpg,1354
1,022503.jpg,1354
1,026033.jpg,1355
1,005829.jpg,1355
1,022173.jpg,1355
1,026102.jpg,1356
1,020851.jpg,1356
1,020670.jpg,1356
1,026123.jpg,1357
1,026989.jpg,1357
1,001046.jpg,1357
1,026185.jpg,1358
1,009294.jpg,1358
1,020557.jpg,1358
1,026193.jpg,1359
1,035622.jpg,1359
1,006903.jpg,1359
1,026207.jpg,1360
1,017561.jpg,1360
1,031544.jpg,1360
1,026224.jpg,1361
1,013323.jpg,1361
1,027321.jpg,1361
1,026250.jpg,1362
1,001925.jpg,1362
1,027667.jpg,1362
1,026261.jpg,1363
1,015434.jpg,1363
1,030507.jpg,1363
1,026362.jpg,1364
1,019632.jpg,1364
1,001891.jpg,1364
1,026369.jpg,1365
1,009026.jpg,1365
1,034528.jpg,1365
1,026399.jpg,1366
1,028355.jpg,1366
1,030986.jpg,1366
1,026437.jpg,1367
1,036826.jpg,1367
1,009969.jpg,1367
1,026468.jpg,1368
1,028925.jpg,1368
1,013753.jpg,1368
1,026475.jpg,1369
1,028762.jpg,1369
1,019842.jpg,1369
1,026553.jpg,1370
1,002873.jpg,1370
1,004735.jpg,1370
1,026557.jpg,1371
1,000323.jpg,1371
1,016669.jpg,1371
1,026562.jpg,1372
1,023510.jpg,1372
1,028542.jpg,1372
1,026572.jpg,1373
1,030684.jpg,1373
1,020613.jpg,1373
1,026587.jpg,1374
1,017019.jpg,1374
1,034026.jpg,1374
1,026598.jpg,1375
1,026621.jpg,1375
1,015717.jpg,1375
1,026601.jpg,1376
1,034976.jpg,1376
1,020549.jpg,1376
1,026627.jpg,1377
1,004309.jpg,1377
1,022423.jpg,1377
1,026644.jpg,1378
1,025399.jpg,1378
1,001676.jpg,1378
1,026664.jpg,1379
1,002275.jpg,1379
1,030374.jpg,1379
1,026666.jpg,1380
1,022408.jpg,1380
1,004401.jpg,1380
1,026673.jpg,1381
1,006715.jpg,1381
1,014981.jpg,1381
1,026674.jpg,1382
1,018260.jpg,1382
1,018260.jpg,1382
1,026688.jpg,1383
1,003080.jpg,1383
1,013636.jpg,1383
1,026691.jpg,1384
1,019628.jpg,1384
1,032977.jpg,1384
1,026704.jpg,1385
1,012191.jpg,1385
1,003327.jpg,1385
1,026723.jpg,1386
1,010781.jpg,1386
1,022858.jpg,1386
1,026726.jpg,1387
1,008361.jpg,1387
1,002484.jpg,1387
1,026732.jpg,1388
1,008997.jpg,1388
1,000211.jpg,1388
1,026735.jpg,1389
1,003908.jpg,1389
1,005040.jpg,1389
1,026786.jpg,1390
1,035579.jpg,1390
1,019003.jpg,1390
1,026794.jpg,1391
1,017350.jpg,1391
1,015448.jpg,1391
1,026812.jpg,1392
1,036391.jpg,1392
1,000572.jpg,1392
1,026828.jpg,1393
1,011306.jpg,1393
1,017936.jpg,1393
1,026861.jpg,1394
1,029096.jpg,1394
1,036814.jpg,1394
1,026879.jpg,1395
1,009369.jpg,1395
1,024207.jpg,1395
1,026926.jpg,1396
1,013876.jpg,1396
1,027845.jpg,1396
1,026991.jpg,1397
1,014891.jpg,1397
1,019552.jpg,1397
1,027054.jpg,1398
1,024800.jpg,1398
1,027978.jpg,1398
1,027076.jpg,1399
1,002665.jpg,1399
1,034106.jpg,1399
1,027096.jpg,1400
1,013862.jpg,1400
1,004284.jpg,1400
1,027132.jpg,1401
1,001273.jpg,1401
1,013610.jpg,1401
1,027169.jpg,1402
1,025774.jpg,1402
1,032910.jpg,1402
1,027197.jpg,1403
1,027658.jpg,1403
1,026882.jpg,1403
1,027202.jpg,1404
1,027771.jpg,1404
1,008688.jpg,1404
1,027214.jpg,1405
1,031122.jpg,1405
1,018805.jpg,1405
1,027218.jpg,1406
1,017673.jpg,1406
1,026026.jpg,1406
1,027219.jpg,1407
1,005927.jpg,1407
1,028156.jpg,1407
1,027230.jpg,1408
1,007699.jpg,1408
1,024208.jpg,1408
1,027246.jpg,1409
1,011698.jpg,1409
1,013561.jpg,1409
1,027249.jpg,1410
1,036847.jpg,1410
1,029366.jpg,1410
1,027284.jpg,1411
1,029073.jpg,1411
1,013649.jpg,1411
1,027305.jpg,1412
1,018889.jpg,1412
1,016984.jpg,1412
1,027348.jpg,1413
1,019761.jpg,1413
1,034845.jpg,1413
1,027353.jpg,1414
1,023891.jpg,1414
1,032697.jpg,1414
1,027402.jpg,1415
1,014633.jpg,1415
1,008317.jpg,1415
1,027431.jpg,1416
1,012275.jpg,1416
1,016197.jpg,1416
1,027433.jpg,1417
1,029293.jpg,1417
1,029293.jpg,1417
1,027466.jpg,1418
1,027466.jpg,1418
1,027466.jpg,1418
1,027477.jpg,1419
1,008886.jpg,1419
1,016118.jpg,1419
1,027482.jpg,1420
1,003297.jpg,1420
1,015674.jpg,1420
1,027483.jpg,1421
1,030855.jpg,1421
1,016499.jpg,1421
1,027508.jpg,1422
1,023654.jpg,1422
1,008745.jpg,1422
1,027550.jpg,1423
1,025222.jpg,1423
1,028706.jpg,1423
1,027575.jpg,1424
1,010547.jpg,1424
1,018357.jpg,1424
1,027611.jpg,1425
1,009936.jpg,1425
1,012784.jpg,1425
1,027648.jpg,1426
1,004729.jpg,1426
1,009641.jpg,1426
1,027675.jpg,1427
1,007090.jpg,1427
1,029669.jpg,1427
1,027695.jpg,1428
1,022501.jpg,1428
1,034010.jpg,1428
1,027699.jpg,1429
1,017995.jpg,1429
1,025329.jpg,1429
1,027718.jpg,1430
1,034561.jpg,1430
1,007034.jpg,1430
1,027747.jpg,1431
1,032233.jpg,1431
1,019103.jpg,1431
1,027802.jpg,1432
1,026819.jpg,1432
1,014576.jpg,1432
1,027817.jpg,1433
1,017322.jpg,1433
1,028410.jpg,1433
1,027830.jpg,1434
1,029282.jpg,1434
1,022129.jpg,1434
1,027875.jpg,1435
1,004150.jpg,1435
1,030953.jpg,1435
1,027878.jpg,1436
1,030112.jpg,1436
1,000772.jpg,1436
1,027896.jpg,1437
1,015293.jpg,1437
1,005914.jpg,1437
1,027928.jpg,1438
1,034070.jpg,1438
1,010211.jpg,1438
1,027931.jpg,1439
1,027762.jpg,1439
1,031838.jpg,1439
1,027976.jpg,1440
1,032348.jpg,1440
1,018827.jpg,1440
1,028041.jpg,1441
1,032486.jpg,1441
1,008414.jpg,1441
1,028060.jpg,1442
1,000909.jpg,1442
1,023235.jpg,1442
1,028072.jpg,1443
1,006824.jpg,1443
1,023368.jpg,1443
1,028086.jpg,1444
1,033105.jpg,1444
1,019070.jpg,1444
1,028089.jpg,1445
1,022252.jpg,1445
1,025491.jpg,1445
1,028091.jpg,1446
1,014283.jpg,1446
1,034378.jpg,1446
1,028103.jpg,1447
1,026792.jpg,1447
1,024288.jpg,1447
1,028123.jpg,1448
1,029560.jpg,1448
1,021129.jpg,1448
1,028135.jpg,1449
1,011345.jpg,1449
1,001878.jpg,1449
1,028175.jpg,1450
1,004710.jpg,1450
1,003615.jpg,1450
1,028185.jpg,1451
1,025487.jpg,1451
1,036805.jpg,1451
1,028196.jpg,1452
1,020805.jpg,1452
1,002203.jpg,1452
1,028199.jpg,1453
1,002907.jpg,1453
1,020719.jpg,1453
1,028202.jpg,1454
1,008992.jpg,1454
1,013186.jpg,1454
1,028220.jpg,1455
1,017515.jpg,1455
1,018194.jpg,1455
1,028242.jpg,1456
1,032083.jpg,1456
1,005203.jpg,1456
1,028254.jpg,1457
1,020574.jpg,1457
1,005339.jpg,1457
1,028280.jpg,1458
1,014692.jpg,1458
1,021892.jpg,1458
1,028326.jpg,1459
1,013391.jpg,1459
1,001179.jpg,1459
1,028327.jpg,1460
1,021251.jpg,1460
1,021251.jpg,1460
1,028335.jpg,1461
1,026542.jpg,1461
1,026690.jpg,1461
1,028346.jpg,1462
1,029589.jpg,1462
1,002599.jpg,1462
1,028388.jpg,1463
1,001872.jpg,1463
1,017757.jpg,1463
1,028435.jpg,1464
1,028745.jpg,1464
1,031253.jpg,1464
1,028448.jpg,1465
1,009198.jpg,1465
1,020326.jpg,1465
1,028449.jpg,1466
1,020960.jpg,1466
1,012407.jpg,1466
1,028504.jpg,1467
1,014382.jpg,1467
1,008036.jpg,1467
1,028585.jpg,1468
1,001568.jpg,1468
1,032912.jpg,1468
1,028630.jpg,1469
1,016874.jpg,1469
1,007635.jpg,1469
1,028684.jpg,1470
1,020331.jpg,1470
1,026910.jpg,1470
1,028714.jpg,1471
1,007101.jpg,1471
1,024193.jpg,1471
1,028726.jpg,1472
1,005159.jpg,1472
1,005996.jpg,1472
1,028768.jpg,1473
1,002711.jpg,1473
1,012695.jpg,1473
1,028785.jpg,1474
1,021384.jpg,1474
1,035022.jpg,1474
1,028799.jpg,1475
1,023302.jpg,1475
1,023302.jpg,1475
1,028814.jpg,1476
1,036842.jpg,1476
1,036842.jpg,1476
1,028838.jpg,1477
1,009541.jpg,1477
1,026971.jpg,1477
1,028842.jpg,1478
1,029590.jpg,1478
1,002788.jpg,1478
1,028846.jpg,1479
1,034999.jpg,1479
1,023928.jpg,1479
1,028869.jpg,1480
1,016038.jpg,1480
1,031844.jpg,1480
1,028933.jpg,1481
1,008511.jpg,1481
1,019709.jpg,1481
1,028934.jpg,1482
1,003906.jpg,1482
1,014594.jpg,1482
1,028938.jpg,1483
1,019901.jpg,1483
1,035246.jpg,1483
1,028942.jpg,1484
1,015845.jpg,1484
1,001798.jpg,1484
1,028959.jpg,1485
1,010599.jpg,1485
1,007877.jpg,1485
1,028984.jpg,1486
1,022584.jpg,1486
1,004394.jpg,1486
1,028996.jpg,1487
1,018481.jpg,1487
1,036817.jpg,1487
1,029001.jpg,1488
1,011324.jpg,1488
1,003495.jpg,1488
1,029011.jpg,1489
1,019303.jpg,1489
1,010389.jpg,1489
1,029031.jpg,1490
1,033975.jpg,1490
1,030791.jpg,1490
1,029077.jpg,1491
1,036269.jpg,1491
1,005898.jpg,1491
1,029119.jpg,1492
1,036855.jpg,1492
1,005868.jpg,1492
1,029131.jpg,1493
1,032235.jpg,1493
1,002817.jpg,1493
1,029153.jpg,1494
1,028106.jpg,1494
1,028503.jpg,1494
1,029161.jpg,1495
1,010950.jpg,1495
1,011378.jpg,1495
1,029181.jpg,1496
1,008753.jpg,1496
1,009413.jpg,1496
1,029183.jpg,1497
1,003032.jpg,1497
1,006252.jpg,1497
1,029196.jpg,1498
1,020773.jpg,1498
1,017631.jpg,1498
1,029202.jpg,1499
1,009162.jpg,1499
1,006845.jpg,1499
1,029203.jpg,1500
1,016628.jpg,1500
1,007885.jpg,1500
1,029217.jpg,1501
1,028531.jpg,1501
1,016529.jpg,1501
1,029244.jpg,1502
1,025447.jpg,1502
1,033143.jpg,1502
1,029250.jpg,1503
1,005541.jpg,1503
1,032349.jpg,1503
1,029286.jpg,1504
1,024180.jpg,1504
1,035446.jpg,1504
1,029287.jpg,1505
1,012289.jpg,1505
1,004034.jpg,1505
1,029291.jpg,1506
1,013943.jpg,1506
1,013673.jpg,1506
1,029334.jpg,1507
1,012048.jpg,1507
1,032392.jpg,1507
1,029342.jpg,1508
1,009758.jpg,1508
1,004481.jpg,1508
1,029354.jpg,1509
1,033988.jpg,1509
1,003776.jpg,1509
1,029379.jpg,1510
1,019219.jpg,1510
1,032826.jpg,1510
1,029391.jpg,1511
1,034969.jpg,1511
1,015314.jpg,1511
1,029400.jpg,1512
1,004749.jpg,1512
1,022454.jpg,1512
1,029403.jpg,1513
1,007366.jpg,1513
1,007278.jpg,1513
1,029405.jpg,1514
1,004563.jpg,1514
1,004563.jpg,1514
1,029407.jpg,1515
1,035336.jpg,1515
1,016965.jpg,1515
1,029409.jpg,1516
1,002842.jpg,1516
1,002797.jpg,1516
1,029416.jpg,1517
1,019885.jpg,1517
1,011365.jpg,1517
1,029437.jpg,1518
1,031715.jpg,1518
1,002551.jpg,1518
1,029449.jpg,1519
1,007033.jpg,1519
1,025291.jpg,1519
1,029465.jpg,1520
1,005083.jpg,1520
1,028498.jpg,1520
1,029511.jpg,1521
1,035988.jpg,1521
1,012261.jpg,1521
1,029541.jpg,1522
1,026800.jpg,1522
1,017831.jpg,1522
1,029566.jpg,1523
1,025683.jpg,1523
1,012003.jpg,1523
1,029587.jpg,1524
1,021837.jpg,1524
1,009992.jpg,1524
1,029616.jpg,1525
1,001645.jpg,1525
1,010552.jpg,1525
1,029641.jpg,1526
1,007766.jpg,1526
1,015728.jpg,1526
1,029650.jpg,1527
1,024355.jpg,1527
1,002943.jpg,1527
1,029658.jpg,1528
1,014755.jpg,1528
1,031922.jpg,1528
1,029665.jpg,1529
1,017639.jpg,1529
1,016135.jpg,1529
1,029684.jpg,1530
1,000780.jpg,1530
1,026305.jpg,1530
1,029707.jpg,1531
1,030329.jpg,1531
1,004568.jpg,1531
1,029708.jpg,1532
1,004314.jpg,1532
1,015119.jpg,1532
1,029713.jpg,1533
1,033425.jpg,1533
1,031016.jpg,1533
1,029716.jpg,1534
1,019491.jpg,1534
1,018645.jpg,1534
1,029740.jpg,1535
1,020685.jpg,1535
1,036133.jpg,1535
1,029753.jpg,1536
1,009526.jpg,1536
1,035794.jpg,1536
1,029755.jpg,1537
1,036901.jpg,1537
1,020587.jpg,1537
1,029764.jpg,1538
1,027350.jpg,1538
1,023661.jpg,1538
1,029767.jpg,1539
1,032562.jpg,1539
1,021179.jpg,1539
1,029768.jpg,1540
1,034580.jpg,1540
1,035515.jpg,1540
1,029778.jpg,1541
1,030346.jpg,1541
1,013836.jpg,1541
1,029831.jpg,1542
1,017246.jpg,1542
1,000541.jpg,1542
1,029865.jpg,1543
1,008457.jpg,1543
1,026245.jpg,1543
1,029885.jpg,1544
1,024976.jpg,1544
1,007257.jpg,1544
1,029890.jpg,1545
1,024930.jpg,1545
1,024930.jpg,1545
1,029895.jpg,1546
1,006316.jpg,1546
1,009782.jpg,1546
1,029904.jpg,1547
1,031638.jpg,1547
1,029078.jpg,1547
1,029905.jpg,1548
1,029231.jpg,1548
1,025867.jpg,1548
1,029923.jpg,1549
1,019741.jpg,1549
1,025663.jpg,1549
1,029961.jpg,1550
1,035648.jpg,1550
1,029108.jpg,1550
1,029967.jpg,1551
1,029468.jpg,1551
1,017358.jpg,1551
1,029968.jpg,1552
1,024909.jpg,1552
1,020955.jpg,1552
1,029995.jpg,1553
1,023700.jpg,1553
1,001605.jpg,1553
1,030017.jpg,1554
1,028387.jpg,1554
1,031457.jpg,1554
1,030033.jpg,1555
1,022300.jpg,1555
1,031108.jpg,1555
1,030039.jpg,1556
1,029263.jpg,1556
1,032254.jpg,1556
1,030054.jpg,1557
1,007239.jpg,1557
1,017510.jpg,1557
1,030082.jpg,1558
1,016554.jpg,1558
1,026190.jpg,1558
1,030124.jpg,1559
1,012353.jpg,1559
1,031075.jpg,1559
1,030154.jpg,1560
1,008908.jpg,1560
1,035558.jpg,1560
1,030181.jpg,1561
1,021812.jpg,1561
1,034150.jpg,1561
1,030226.jpg,1562
1,003395.jpg,1562
1,020453.jpg,1562
1,030306.jpg,1563
1,031860.jpg,1563
1,002777.jpg,1563
1,030322.jpg,1564
1,034996.jpg,1564
1,008138.jpg,1564
1,030338.jpg,1565
1,018365.jpg,1565
1,020256.jpg,1565
1,030347.jpg,1566
1,023794.jpg,1566
1,017983.jpg,1566
1,030350.jpg,1567
1,012905.jpg,1567
1,018718.jpg,1567
1,030373.jpg,1568
1,032942.jpg,1568
1,019360.jpg,1568
1,030375.jpg,1569
1,015427.jpg,1569
1,005959.jpg,1569
1,030384.jpg,1570
1,024062.jpg,1570
1,022197.jpg,1570
1,030391.jpg,1571
1,017863.jpg,1571
1,007477.jpg,1571
1,030431.jpg,1572
1,020416.jpg,1572
1,036643.jpg,1572
1,030433.jpg,1573
1,011037.jpg,1573
1,026899.jpg,1573
1,030451.jpg,1574
1,033313.jpg,1574
1,009020.jpg,1574
1,030454.jpg,1575
1,006379.jpg,1575
1,036090.jpg,1575
1,030464.jpg,1576
1,007789.jpg,1576
1,010000.jpg,1576
1,030479.jpg,1577
1,004523.jpg,1577
1,026787.jpg,1577
1,030516.jpg,1578
1,020394.jpg,1578
1,016330.jpg,1578
1,030553.jpg,1579
1,028290.jpg,1579
1,024290.jpg,1579
1,030558.jpg,1580
1,009976.jpg,1580
1,015006.jpg,1580
1,030576.jpg,1581
1,020465.jpg,1581
1,012758.jpg,1581
1,030593.jpg,1582
1,013384.jpg,1582
1,009978.jpg,1582
1,030640.jpg,1583
1,014826.jpg,1583
1,013974.jpg,1583
1,030649.jpg,1584
1,013819.jpg,1584
1,030783.jpg,1584
1,030652.jpg,1585
1,030652.jpg,1585
1,030652.jpg,1585
1,030668.jpg,1586
1,021677.jpg,1586
1,005818.jpg,1586
1,030686.jpg,1587
1,016804.jpg,1587
1,025738.jpg,1587
1,030718.jpg,1588
1,014498.jpg,1588
1,025061.jpg,1588
1,030720.jpg,1589
1,022566.jpg,1589
1,004922.jpg,1589
1,030774.jpg,1590
1,019904.jpg,1590
1,029610.jpg,1590
1,030788.jpg,1591
1,030788.jpg,1591
1,030788.jpg,1591
1,030846.jpg,1592
1,020909.jpg,1592
1,026766.jpg,1592
1,030857.jpg,1593
1,031583.jpg,1593
1,031880.jpg,1593
1,030905.jpg,1594
1,015457.jpg,1594
1,020412.jpg,1594
1,030943.jpg,1595
1,035065.jpg,1595
1,034791.jpg,1595
1,030975.jpg,1596
1,000341.jpg,1596
1,020940.jpg,1596
1,031007.jpg,1597
1,034751.jpg,1597
1,021538.jpg,1597
1,031010.jpg,1598
1,021601.jpg,1598
1,005113.jpg,1598
1,031018.jpg,1599
1,002840.jpg,1599
1,002589.jpg,1599
1,031032.jpg,1600
1,010766.jpg,1600
1,027154.jpg,1600
1,031093.jpg,1601
1,034566.jpg,1601
1,028314.jpg,1601
1,031094.jpg,1602
1,004625.jpg,1602
1,008410.jpg,1602
1,031095.jpg,1603
1,003885.jpg,1603
1,028318.jpg,1603
1,031103.jpg,1604
1,011536.jpg,1604
1,004761.jpg,1604
1,031151.jpg,1605
1,013880.jpg,1605
1,032385.jpg,1605
1,031153.jpg,1606
1,023336.jpg,1606
1,031429.jpg,1606
1,031201.jpg,1607
1,031971.jpg,1607
1,012009.jpg,1607
1,031203.jpg,1608
1,015205.jpg,1608
1,014982.jpg,1608
1,031232.jpg,1609
1,007099.jpg,1609
1,013914.jpg,1609
1,031234.jpg,1610
1,031146.jpg,1610
1,033713.jpg,1610
1,031267.jpg,1611
1,003258.jpg,1611
1,018401.jpg,1611
1,031326.jpg,1612
1,034680.jpg,1612
1,030944.jpg,1612
1,031336.jpg,1613
1,019297.jpg,1613
1,035645.jpg,1613
1,031340.jpg,1614
1,031810.jpg,1614
1,007684.jpg,1614
1,031354.jpg,1615
1,007129.jpg,1615
1,022037.jpg,1615
1,031357.jpg,1616
1,021149.jpg,1616
1,026857.jpg,1616
1,031380.jpg,1617
1,010643.jpg,1617
1,024002.jpg,1617
1,031392.jpg,1618
1,006528.jpg,1618
1,020793.jpg,1618
1,031400.jpg,1619
1,030715.jpg,1619
1,007680.jpg,1619
1,031413.jpg,1620
1,033980.jpg,1620
1,024902.jpg,1620
1,031441.jpg,1621
1,014413.jpg,1621
1,001377.jpg,1621
1,031445.jpg,1622
1,036669.jpg,1622
1,004557.jpg,1622
1,031453.jpg,1623
1,034524.jpg,1623
1,032762.jpg,1623
1,031458.jpg,1624
1,001968.jpg,1624
1,013586.jpg,1624
1,031473.jpg,1625
1,036469.jpg,1625
1,017916.jpg,1625
1,031479.jpg,1626
1,005023.jpg,1626
1,027264.jpg,1626
1,031542.jpg,1627
1,016108.jpg,1627
1,028655.jpg,1627
1,031547.jpg,1628
1,006040.jpg,1628
1,036330.jpg,1628
1,031561.jpg,1629
1,028765.jpg,1629
1,020409.jpg,1629
1,031579.jpg,1630
1,019878.jpg,1630
1,036770.jpg,1630
1,031598.jpg,1631
1,007804.jpg,1631
1,011917.jpg,1631
1,031605.jpg,1632
1,013537.jpg,1632
1,020250.jpg,1632
1,031629.jpg,1633
1,025152.jpg,1633
1,014589.jpg,1633
1,031643.jpg,1634
1,029417.jpg,1634
1,017048.jpg,1634
1,031673.jpg,1635
1,017169.jpg,1635
1,011882.jpg,1635
1,031703.jpg,1636
1,030858.jpg,1636
1,005569.jpg,1636
1,031705.jpg,1637
1,008492.jpg,1637
1,028357.jpg,1637
1,031711.jpg,1638
1,005285.jpg,1638
1,027533.jpg,1638
1,031716.jpg,1639
1,004039.jpg,1639
1,010165.jpg,1639
1,031723.jpg,1640
1,012591.jpg,1640
1,018356.jpg,1640
1,031730.jpg,1641
1,021456.jpg,1641
1,034971.jpg,1641
1,031774.jpg,1642
1,023145.jpg,1642
1,018180.jpg,1642
1,031801.jpg,1643
1,018149.jpg,1643
1,024000.jpg,1643
1,031832.jpg,1644
1,006400.jpg,1644
1,035374.jpg,1644
1,031857.jpg,1645
1,020519.jpg,1645
1,020942.jpg,1645
1,031874.jpg,1646
1,018856.jpg,1646
1,035822.jpg,1646
1,031899.jpg,1647
1,029464.jpg,1647
1,005594.jpg,1647
1,031908.jpg,1648
1,010760.jpg,1648
1,016186.jpg,1648
1,031932.jpg,1649
1,029009.jpg,1649
1,015521.jpg,1649
1,031942.jpg,1650
1,029458.jpg,1650
1,031537.jpg,1650
1,031966.jpg,1651
1,010286.jpg,1651
1,019112.jpg,1651
1,032023.jpg,1652
1,012847.jpg,1652
1,015882.jpg,1652
1,032027.jpg,1653
1,001653.jpg,1653
1,033216.jpg,1653
1,032053.jpg,1654
1,015477.jpg,1654
1,000249.jpg,1654
1,032073.jpg,1655
1,036879.jpg,1655
1,006779.jpg,1655
1,032089.jpg,1656
1,033437.jpg,1656
1,019633.jpg,1656
1,032114.jpg,1657
1,000473.jpg,1657
1,021881.jpg,1657
1,032127.jpg,1658
1,006255.jpg,1658
1,030594.jpg,1658
1,032171.jpg,1659
1,014424.jpg,1659
1,015055.jpg,1659
1,032182.jpg,1660
1,007643.jpg,1660
1,030268.jpg,1660
1,032199.jpg,1661
1,001947.jpg,1661
1,036408.jpg,1661
1,032203.jpg,1662
1,035335.jpg,1662
1,004358.jpg,1662
1,032222.jpg,1663
1,009322.jpg,1663
1,002658.jpg,1663
1,032229.jpg,1664
1,033757.jpg,1664
1,007716.jpg,1664
1,032284.jpg,1665
1,026220.jpg,1665
1,000111.jpg,1665
1,032301.jpg,1666
1,029478.jpg,1666
1,023045.jpg,1666
1,032327.jpg,1667
1,029444.jpg,1667
1,034503.jpg,1667
1,032328.jpg,1668
1,026310.jpg,1668
1,029526.jpg,1668
1,032362.jpg,1669
1,026040.jpg,1669
1,027085.jpg,1669
1,032382.jpg,1670
1,009327.jpg,1670
1,036274.jpg,1670
1,032384.jpg,1671
1,029563.jpg,1671
1,009533.jpg,1671
1,032387.jpg,1672
1,003149.jpg,1672
1,005944.jpg,1672
1,032418.jpg,1673
1,033316.jpg,1673
1,011980.jpg,1673
1,032439.jpg,1674
1,024596.jpg,1674
1,033603.jpg,1674
1,032445.jpg,1675
1,004013.jpg,1675
1,035502.jpg,1675
1,032468.jpg,1676
1,006404.jpg,1676
1,031666.jpg,1676
1,032475.jpg,1677
1,025010.jpg,1677
1,011721.jpg,1677
1,032534.jpg,1678
1,002048.jpg,1678
1,036686.jpg,1678
1,032575.jpg,1679
1,031043.jpg,1679
1,024666.jpg,1679
1,032578.jpg,1680
1,027714.jpg,1680
1,022575.jpg,1680
1,032585.jpg,1681
1,026711.jpg,1681
1,018860.jpg,1681
1,032606.jpg,1682
1,006704.jpg,1682
1,019018.jpg,1682
1,032611.jpg,1683
1,016571.jpg,1683
1,032821.jpg,1683
1,032612.jpg,1684
1,013253.jpg,1684
1,022320.jpg,1684
1,032632.jpg,1685
1,025250.jpg,1685
1,036883.jpg,1685
1,032639.jpg,1686
1,014927.jpg,1686
1,014927.jpg,1686
1,032676.jpg,1687
1,024462.jpg,1687
1,012907.jpg,1687
1,032677.jpg,1688
1,000500.jpg,1688
1,035916.jpg,1688
1,032680.jpg,1689
1,017407.jpg,1689
1,005204.jpg,1689
1,032744.jpg,1690
1,011276.jpg,1690
1,019484.jpg,1690
1,032750.jpg,1691
1,013888.jpg,1691
1,011927.jpg,1691
1,032756.jpg,1692
1,026243.jpg,1692
1,002675.jpg,1692
1,032777.jpg,1693
1,030635.jpg,1693
1,001170.jpg,1693
1,032786.jpg,1694
1,019090.jpg,1694
1,034859.jpg,1694
1,032797.jpg,1695
1,028793.jpg,1695
1,025429.jpg,1695
1,032831.jpg,1696
1,024418.jpg,1696
1,020837.jpg,1696
1,032861.jpg,1697
1,008432.jpg,1697
1,017291.jpg,1697
1,032893.jpg,1698
1,020779.jpg,1698
1,010924.jpg,1698
1,032903.jpg,1699
1,032243.jpg,1699
1,020349.jpg,1699
1,032917.jpg,1700
1,002813.jpg,1700
1,015865.jpg,1700
1,032953.jpg,1701
1,009691.jpg,1701
1,017873.jpg,1701
1,032959.jpg,1702
1,032742.jpg,1702
1,028558.jpg,1702
1,033005.jpg,1703
1,007211.jpg,1703
1,033270.jpg,1703
1,033009.jpg,1704
1,029854.jpg,1704
1,001835.jpg,1704
1,033017.jpg,1705
1,032425.jpg,1705
1,024333.jpg,1705
1,033068.jpg,1706
1,035818.jpg,1706
1,031630.jpg,1706
1,033115.jpg,1707
1,020406.jpg,1707
1,017268.jpg,1707
1,033130.jpg,1708
1,012608.jpg,1708
1,019002.jpg,1708
1,033131.jpg,1709
1,035596.jpg,1709
1,018783.jpg,1709
1,033152.jpg,1710
1,036337.jpg,1710
1,011793.jpg,1710
1,033159.jpg,1711
1,016871.jpg,1711
1,016871.jpg,1711
1,033201.jpg,1712
1,016985.jpg,1712
1,029093.jpg,1712
1,033248.jpg,1713
1,019456.jpg,1713
1,034017.jpg,1713
1,033276.jpg,1714
1,026997.jpg,1714
1,035047.jpg,1714
1,033279.jpg,1715
1,013208.jpg,1715
1,036237.jpg,1715
1,033285.jpg,1716
1,031686.jpg,1716
1,000974.jpg,1716
1,033291.jpg,1717
1,015473.jpg,1717
1,014229.jpg,1717
1,033303.jpg,1718
1,032091.jpg,1718
1,026450.jpg,1718
1,033311.jpg,1719
1,023872.jpg,1719
1,010433.jpg,1719
1,033338.jpg,1720
1,015887.jpg,1720
1,007454.jpg,1720
1,033341.jpg,1721
1,021874.jpg,1721
1,030043.jpg,1721
1,033353.jpg,1722
1,034125.jpg,1722
1,030110.jpg,1722
1,033386.jpg,1723
1,003405.jpg,1723
1,019649.jpg,1723
1,033388.jpg,1724
1,024753.jpg,1724
1,024711.jpg,1724
1,033393.jpg,1725
1,022808.jpg,1725
1,003388.jpg,1725
1,033394.jpg,1726
1,031072.jpg,1726
1,026334.jpg,1726
1,033399.jpg,1727
1,036812.jpg,1727
1,006067.jpg,1727
1,033458.jpg,1728
1,007800.jpg,1728
1,000518.jpg,1728
1,033480.jpg,1729
1,035714.jpg,1729
1,007849.jpg,1729
1,033514.jpg,1730
1,002685.jpg,1730
1,004629.jpg,1730
1,033547.jpg,1731
1,035356.jpg,1731
1,029129.jpg,1731
1,033565.jpg,1732
1,017281.jpg,1732
1,003082.jpg,1732
1,033573.jpg,1733
1,008728.jpg,1733
1,028928.jpg,1733
1,033582.jpg,1734
1,013432.jpg,1734
1,012787.jpg,1734
1,033613.jpg,1735
1,036519.jpg,1735
1,001280.jpg,1735
1,033614.jpg,1736
1,026359.jpg,1736
1,021403.jpg,1736
1,033623.jpg,1737
1,014044.jpg,1737
1,018200.jpg,1737
1,033647.jpg,1738
1,029519.jpg,1738
1,014067.jpg,1738
1,033696.jpg,1739
1,012579.jpg,1739
1,029528.jpg,1739
1,033719.jpg,1740
1,031948.jpg,1740
1,013200.jpg,1740
1,033721.jpg,1741
1,027355.jpg,1741
1,001438.jpg,1741
1,033767.jpg,1742
1,031066.jpg,1742
1,019532.jpg,1742
1,033828.jpg,1743
1,008945.jpg,1743
1,028876.jpg,1743
1,033842.jpg,1744
1,027999.jpg,1744
1,034285.jpg,1744
1,033874.jpg,1745
1,032718.jpg,1745
1,033549.jpg,1745
1,033887.jpg,1746
1,033200.jpg,1746
1,018057.jpg,1746
1,033894.jpg,1747
1,021225.jpg,1747
1,007162.jpg,1747
1,033938.jpg,1748
1,020891.jpg,1748
1,026988.jpg,1748
1,033981.jpg,1749
1,032830.jpg,1749
1,016009.jpg,1749
1,034008.jpg,1750
1,004775.jpg,1750
1,036895.jpg,1750
1,034020.jpg,1751
1,035486.jpg,1751
1,013978.jpg,1751
1,034025.jpg,1752
1,014622.jpg,1752
1,015843.jpg,1752
1,034050.jpg,1753
1,036332.jpg,1753
1,004000.jpg,1753
1,034073.jpg,1754
1,002079.jpg,1754
1,021007.jpg,1754
1,034079.jpg,1755
1,027671.jpg,1755
1,021808.jpg,1755
1,034095.jpg,1756
1,025055.jpg,1756
1,024061.jpg,1756
1,034109.jpg,1757
1,033358.jpg,1757
1,012218.jpg,1757
1,034129.jpg,1758
1,005274.jpg,1758
1,035873.jpg,1758
1,034140.jpg,1759
1,034121.jpg,1759
1,015947.jpg,1759
1,034143.jpg,1760
1,019254.jpg,1760
1,017012.jpg,1760
1,034159.jpg,1761
1,014854.jpg,1761
1,018648.jpg,1761
1,034179.jpg,1762
1,033909.jpg,1762
1,017624.jpg,1762
1,034217.jpg,1763
1,015289.jpg,1763
1,029907.jpg,1763
1,034220.jpg,1764
1,021468.jpg,1764
1,002295.jpg,1764
1,034222.jpg,1765
1,009894.jpg,1765
1,036503.jpg,1765
1,034262.jpg,1766
1,009350.jpg,1766
1,026337.jpg,1766
1,034294.jpg,1767
1,014438.jpg,1767
1,005388.jpg,1767
1,034311.jpg,1768
1,028992.jpg,1768
1,016906.jpg,1768
1,034317.jpg,1769
1,032129.jpg,1769
1,015815.jpg,1769
1,034345.jpg,1770
1,026117.jpg,1770
1,022639.jpg,1770
1,034357.jpg,1771
1,028709.jpg,1771
1,035637.jpg,1771
1,034365.jpg,1772
1,019801.jpg,1772
1,019072.jpg,1772
1,034380.jpg,1773
1,005630.jpg,1773
1,025686.jpg,1773
1,034391.jpg,1774
1,005156.jpg,1774
1,030204.jpg,1774
1,034394.jpg,1775
1,007603.jpg,1775
1,032881.jpg,1775
1,034400.jpg,1776
1,013848.jpg,1776
1,008760.jpg,1776
1,034459.jpg,1777
1,034322.jpg,1777
1,001751.jpg,1777
1,034460.jpg,1778
1,031590.jpg,1778
1,031578.jpg,1778
1,034532.jpg,1779
1,010974.jpg,1779
1,023926.jpg,1779
1,034533.jpg,1780
1,032512.jpg,1780
1,031036.jpg,1780
1,034536.jpg,1781
1,011260.jpg,1781
1,013448.jpg,1781
1,034537.jpg,1782
1,031263.jpg,1782
1,006708.jpg,1782
1,034550.jpg,1783
1,028198.jpg,1783
1,036016.jpg,1783
1,034565.jpg,1784
1,034043.jpg,1784
1,008415.jpg,1784
1,034607.jpg,1785
1,014385.jpg,1785
1,035939.jpg,1785
1,034651.jpg,1786
1,009528.jpg,1786
1,025826.jpg,1786
1,034715.jpg,1787
1,001522.jpg,1787
1,018219.jpg,1787
1,034731.jpg,1788
1,027911.jpg,1788
1,008482.jpg,1788
1,034760.jpg,1789
1,012339.jpg,1789
1,036029.jpg,1789
1,034789.jpg,1790
1,006500.jpg,1790
1,016519.jpg,1790
1,034790.jpg,1791
1,023074.jpg,1791
1,016004.jpg,1791
1,034804.jpg,1792
1,011989.jpg,1792
1,004638.jpg,1792
1,034805.jpg,1793
1,021355.jpg,1793
1,035287.jpg,1793
1,034811.jpg,1794
1,009462.jpg,1794
1,024874.jpg,1794
1,034824.jpg,1795
1,017506.jpg,1795
1,022139.jpg,1795
1,034835.jpg,1796
1,034625.jpg,1796
1,035361.jpg,1796
1,034849.jpg,1797
1,004405.jpg,1797
1,015495.jpg,1797
1,034896.jpg,1798
1,019960.jpg,1798
1,002976.jpg,1798
1,034911.jpg,1799
1,024043.jpg,1799
1,030802.jpg,1799
1,034924.jpg,1800
1,034491.jpg,1800
1,036349.jpg,1800
1,034925.jpg,1801
1,020396.jpg,1801
1,033518.jpg,1801
1,034927.jpg,1802
1,004895.jpg,1802
1,025379.jpg,1802
1,034937.jpg,1803
1,027059.jpg,1803
1,021341.jpg,1803
1,034938.jpg,1804
1,023799.jpg,1804
1,031191.jpg,1804
1,034995.jpg,1805
1,007888.jpg,1805
1,031603.jpg,1805
1,035023.jpg,1806
1,027160.jpg,1806
1,014555.jpg,1806
1,035033.jpg,1807
1,001146.jpg,1807
1,024353.jpg,1807
1,035036.jpg,1808
1,000761.jpg,1808
1,002399.jpg,1808
1,035048.jpg,1809
1,017560.jpg,1809
1,024521.jpg,1809
1,035102.jpg,1810
1,034469.jpg,1810
1,011462.jpg,1810
1,035122.jpg,1811
1,002122.jpg,1811
1,012185.jpg,1811
1,035136.jpg,1812
1,020059.jpg,1812
1,009559.jpg,1812
1,035175.jpg,1813
1,003531.jpg,1813
1,018749.jpg,1813
1,035230.jpg,1814
1,008068.jpg,1814
1,009642.jpg,1814
1,035238.jpg,1815
1,020284.jpg,1815
1,010520.jpg,1815
1,035263.jpg,1816
1,005866.jpg,1816
1,007812.jpg,1816
1,035264.jpg,1817
1,036637.jpg,1817
1,033484.jpg,1817
1,035276.jpg,1818
1,027090.jpg,1818
1,027559.jpg,1818
1,035280.jpg,1819
1,005340.jpg,1819
1,008977.jpg,1819
1,035298.jpg,1820
1,034034.jpg,1820
1,015705.jpg,1820
1,035301.jpg,1821
1,036510.jpg,1821
1,004618.jpg,1821
1,035326.jpg,1822
1,016279.jpg,1822
1,034028.jpg,1822
1,035329.jpg,1823
1,021649.jpg,1823
1,033490.jpg,1823
1,035367.jpg,1824
1,025000.jpg,1824
1,030310.jpg,1824
1,035375.jpg,1825
1,002862.jpg,1825
1,014786.jpg,1825
1,035394.jpg,1826
1,017098.jpg,1826
1,009329.jpg,1826
1,035434.jpg,1827
1,012805.jpg,1827
1,031155.jpg,1827
1,035442.jpg,1828
1,035442.jpg,1828
1,035442.jpg,1828
1,035487.jpg,1829
1,028218.jpg,1829
1,012614.jpg,1829
1,035498.jpg,1830
1,023205.jpg,1830
1,007516.jpg,1830
1,035513.jpg,1831
1,030980.jpg,1831
1,033866.jpg,1831
1,035553.jpg,1832
1,015407.jpg,1832
1,023044.jpg,1832
1,035565.jpg,1833
1,004679.jpg,1833
1,023419.jpg,1833
1,035585.jpg,1834
1,018345.jpg,1834
1,024443.jpg,1834
1,035604.jpg,1835
1,030704.jpg,1835
1,009324.jpg,1835
1,035641.jpg,1836
1,011778.jpg,1836
1,032353.jpg,1836
1,035655.jpg,1837
1,012556.jpg,1837
1,027657.jpg,1837
1,035660.jpg,1838
1,021039.jpg,1838
1,021098.jpg,1838
1,035724.jpg,1839
1,021716.jpg,1839
1,000481.jpg,1839
1,035774.jpg,1840
1,009125.jpg,1840
1,021507.jpg,1840
1,035781.jpg,1841
1,015509.jpg,1841
1,019041.jpg,1841
1,035792.jpg,1842
1,014524.jpg,1842
1,014524.jpg,1842
1,035819.jpg,1843
1,001906.jpg,1843
1,000406.jpg,1843
1,035820.jpg,1844
1,000964.jpg,1844
1,010614.jpg,1844
1,035837.jpg,1845
1,012802.jpg,1845
1,026896.jpg,1845
1,035849.jpg,1846
1,035582.jpg,1846
1,027346.jpg,1846
1,035877.jpg,1847
1,030708.jpg,1847
1,028845.jpg,1847
1,035893.jpg,1848
1,006486.jpg,1848
1,035185.jpg,1848
1,035897.jpg,1849
1,015776.jpg,1849
1,021281.jpg,1849
1,035925.jpg,1850
1,036635.jpg,1850
1,031522.jpg,1850
1,035934.jpg,1851
1,020741.jpg,1851
1,034177.jpg,1851
1,035944.jpg,1852
1,023943.jpg,1852
1,012777.jpg,1852
1,035963.jpg,1853
1,034615.jpg,1853
1,020022.jpg,1853
1,035968.jpg,1854
1,016843.jpg,1854
1,017117.jpg,1854
1,036004.jpg,1855
1,003474.jpg,1855
1,005122.jpg,1855
1,036018.jpg,1856
1,033198.jpg,1856
1,025439.jpg,1856
1,036033.jpg,1857
1,010143.jpg,1857
1,011386.jpg,1857
1,036038.jpg,1858
1,036038.jpg,1858
1,036038.jpg,1858
1,036053.jpg,1859
1,016588.jpg,1859
1,026597.jpg,1859
1,036056.jpg,1860
1,016816.jpg,1860
1,025070.jpg,1860
1,036068.jpg,1861
1,021799.jpg,1861
1,028997.jpg,1861
1,036113.jpg,1862
1,012431.jpg,1862
1,022065.jpg,1862
1,036244.jpg,1863
1,016638.jpg,1863
1,033390.jpg,1863
1,036248.jpg,1864
1,020790.jpg,1864
1,025929.jpg,1864
1,036260.jpg,1865
1,004487.jpg,1865
1,023078.jpg,1865
1,036295.jpg,1866
1,004393.jpg,1866
1,012737.jpg,1866
1,036308.jpg,1867
1,016960.jpg,1867
1,029659.jpg,1867
1,036352.jpg,1868
1,035236.jpg,1868
1,004776.jpg,1868
1,036378.jpg,1869
1,005321.jpg,1869
1,004689.jpg,1869
1,036459.jpg,1870
1,005905.jpg,1870
1,015387.jpg,1870
1,036462.jpg,1871
1,024967.jpg,1871
1,021882.jpg,1871
1,036473.jpg,1872
1,030768.jpg,1872
1,007315.jpg,1872
1,036483.jpg,1873
1,011027.jpg,1873
1,029556.jpg,1873
1,036552.jpg,1874
1,036552.jpg,1874
1,036552.jpg,1874
1,036573.jpg,1875
1,022838.jpg,1875
1,026001.jpg,1875
1,036574.jpg,1876
1,015616.jpg,1876
1,013428.jpg,1876
1,036603.jpg,1877
1,009118.jpg,1877
1,000220.jpg,1877
1,036611.jpg,1878
1,006347.jpg,1878
1,029017.jpg,1878
1,036626.jpg,1879
1,002887.jpg,1879
1,033478.jpg,1879
1,036628.jpg,1880
1,028434.jpg,1880
1,010291.jpg,1880
1,036634.jpg,1881
1,018467.jpg,1881
1,015782.jpg,1881
1,036644.jpg,1882
1,000604.jpg,1882
1,014608.jpg,1882
1,036703.jpg,1883
1,002610.jpg,1883
1,006180.jpg,1883
1,036760.jpg,1884
1,024273.jpg,1884
1,015337.jpg,1884
1,036765.jpg,1885
1,015578.jpg,1885
1,010161.jpg,1885
1,036771.jpg,1886
1,027889.jpg,1886
1,028390.jpg,1886
1,036774.jpg,1887
1,006840.jpg,1887
1,010123.jpg,1887
1,036816.jpg,1888
1,014626.jpg,1888
1,010608.jpg,1888
1,036823.jpg,1889
1,012383.jpg,1889
1,026660.jpg,1889
1,036859.jpg,1890
1,031356.jpg,1890
1,018283.jpg,1890
1,036868.jpg,1891
1,010840.jpg,1891
1,013980.jpg,1891
1,036870.jpg,1892
1,028834.jpg,1892
1,009388.jpg,1892
1,036892.jpg,1893
1,021066.jpg,1893
1,011683.jpg,1893
1,036898.jpg,1894
1,020784.jpg,1894
1,019525.jpg,1894
1,036909.jpg,1895
1,004201.jpg,1895
1,014696.jpg,1895
1,036934.jpg,1896
1,014568.jpg,1896
1,029240.jpg,1896
